dar_chr	dar_start	dar_end	dar_info	memory_set	mem_start	mem_end	mem_info	overlap_bp
chr15	75326513	75327014	Ly6f;0;+	SetB_memory_AP1motif_bound	75326628	75326957	Fosl1,Fosl2,Jund	329
chr10	24397108	24397609	Moxd1;0;+	SetB_memory_AP1motif_bound	24397081	24397449	Fos,Fosl1,Fosl2,Jun,Junb,Jund	341
chr17	40824519	40825020	Rhag;0;+	SetB_memory_AP1motif_bound	40824535	40824860	Jun	325
chr3	102187332	102187833	Vangl1;0;+	SetB_memory_AP1motif_bound	102187321	102187692	Atf3,Fos,Fosl1,Fosl2,Jun,Junb,Jund	360
chr9	122180061	122180562	Snrk;0;+	SetB_memory_AP1motif_bound	122180009	122180479	Atf3,Fos,Fosl1,Fosl2,Jun,Jund	418
chr17	88106384	88106885	Gm4832;0;+	SetB_memory_AP1motif_bound	88106346	88106880	Batf,Fos,Fosl1,Fosl2,Jun,Junb,Jund	496
chr7	145089388	145089889	Smim38;0;+	SetB_memory_AP1motif_bound	145089240	145089662	Atf3,Batf,Fos,Fosl1,Fosl2,Jun,Junb,Jund	274
chr13	111967709	111968210	Gm15326;0;+	SetB_memory_AP1motif_bound	111968082	111968391	Atf3,Batf,Fos,Fosl1,Fosl2,Jun,Jund	128
chr17	79746048	79746549	Cyp1b1;0;+	SetB_memory_AP1motif_bound	79746161	79746372	Fos,Fosl1,Fosl2,Jun,Junb,Jund	211
chr12	99942430	99942931	Kcnk13;0;+	SetB_memory_AP1motif_bound	99942351	99943195	Fos,Jun,Junb,Jund	501
chr17	65627104	65627605	Txndc2;0;+	SetB_memory_AP1motif_bound	65627288	65627427	Fos,Fosl2,Junb,Jund	139
chr9	78595681	78596182	Slc17a5;0;+	SetB_memory_AP1motif_bound	78595790	78596240	Batf,Fos,Fosl1,Fosl2,Jun,Junb,Jund	392
chr4	119367066	119367567	Ccdc30;0;+	SetB_memory_AP1motif_bound	119367191	119367451	Batf,Fosl1,Fosl2,Junb,Jund	260
chr14	31781442	31781943	Ankrd28;0;+	SetB_memory_AP1motif_bound	31780967	31781818	Atf3,Batf,Fos,Fosl1,Fosl2,Jun,Junb,Jund	376
chr12	85192689	85193190	Pgf;0;+	SetB_memory_AP1motif_bound	85192374	85193029	Atf3,Batf,Fos,Fosl1,Fosl2,Jun,Junb,Jund	340
chr6	128178599	128179100	9330102E08Rik;0;+	SetB_memory_AP1motif_bound	128178656	128178950	Fos	294
chr19	10868755	10869256	Tmem132a;0;+	SetB_memory_AP1motif_bound	10869187	10870553	Batf,Fos	69
chr6	119864608	119865109	3110021A11Rik;0;+	SetB_memory_AP1motif_bound	119864280	119865109	Fos,Fosl1,Fosl2,Jun,Junb,Jund	501
chr7	43785198	43785699	Klk10;0;+	SetB_memory_AP1motif_bound	43785410	43785598	Fosl2,Jun	188
chr1	89804907	89805408	4933400F21Rik;0;+	SetB_memory_AP1motif_bound	89804900	89805446	Fos,Fosl1,Fosl2,Jund	501
