comparison	dar_chr	dar_start	dar_end	dar_gene	pame_start	pame_end	h3k27ac_signal	pame_coord	overlap_bp
AgedVsYoung_up	chr15	75326513	75327014	Ly6f	75326628	75326957	4.7595	chr15:75326628-75326957	329
AgedVsYoung_up	chr10	24397108	24397609	Moxd1	24397081	24397449	22.5294	chr10:24397081-24397449	341
AgedVsYoung_up	chr17	40824519	40825020	Rhag	40824535	40824860	1.2022	chr17:40824535-40824860	325
AgedVsYoung_up	chr3	102187332	102187833	Vangl1	102187321	102187692	6.1687	chr3:102187321-102187692	360
AgedVsYoung_up	chr9	122180061	122180562	Snrk	122180009	122180479	10.4566	chr9:122180009-122180479	418
AgedVsYoung_up	chr17	88106384	88106885	Gm4832	88106346	88106880	1.0969	chr17:88106346-88106880	496
AgedVsYoung_up	chr7	145089388	145089889	Smim38	145089240	145089662	3.6393	chr7:145089240-145089662	274
AgedVsYoung_up	chr17	79746048	79746549	Cyp1b1	79746161	79746372	2.1193	chr17:79746161-79746372	211
AgedVsYoung_up	chr12	99942430	99942931	Kcnk13	99942351	99943195	2.7921	chr12:99942351-99943195	501
AgedVsYoung_up	chr9	78595681	78596182	Slc17a5	78595790	78596240	1.3001	chr9:78595790-78596240	392
AgedVsYoung_up	chr12	85192689	85193190	Pgf	85192374	85193029	6.6143	chr12:85192374-85193029	340
AgedVsYoung_up	chr19	10868755	10869256	Tmem132a	10869187	10870553	20.9098	chr19:10869187-10870553	69
AgedVsYoung_up	chr6	119864608	119865109	3110021A11Rik	119864280	119865109	1.1568	chr6:119864280-119865109	501
AgedVsYoung_up	chr7	43785198	43785699	Klk10	43785410	43785598	2.7902	chr7:43785410-43785598	188
AgedVsYoung_up	chr1	89804907	89805408	4933400F21Rik	89804900	89805446	3.0200	chr1:89804900-89805446	501
AgedVsAdult_up	chr16	65818749	65819250	Vgll3	65818908	65819126	4.9583	chr16:65818908-65819126	218
AgedVsAdult_up	chr17	40824519	40825020	Rhag	40824535	40824860	1.2022	chr17:40824535-40824860	325
AgedVsAdult_up	chr13	37622343	37622844	Gm47754	37622421	37623030	3.0805	chr13:37622421-37623030	423
AgedVsAdult_up	chr13	81691536	81692037	Polr3g	81691687	81691987	2.6988	chr13:81691687-81691987	300
AgedVsAdult_up	chr5	29687631	29688132	Dnajb6	29687620	29688683	4.4588	chr5:29687620-29688683	501
