source,native,name,p_value,significant,description,term_size,query_size,intersection_size,effective_domain_size,precision,recall,query,parents
GO:CC,GO:0070161,anchoring junction,1.7411830629623297e-06,True,"""A cell junction that mechanically attaches a cell (and its cytoskeleton) to neighboring cells or to the extracellular matrix."" [ISBN:0815332181]",670,171,21,25413,0.12280701754385964,0.03134328358208955,query_1,['GO:0030054']
GO:CC,GO:0005737,cytoplasm,8.22961615855816e-06,True,"""The contents of a cell excluding the plasma membrane and nucleus, but including other subcellular structures."" [ISBN:0198547684]",10727,171,108,25413,0.631578947368421,0.010068052577607905,query_1,"['GO:0005622', 'GO:0110165']"
GO:CC,GO:0030054,cell junction,0.00026037768136180054,True,"""A cellular component that forms a specialized region of connection between two or more cells, or between a cell and the extracellular matrix, or between two membrane-bound components of a cell, such as flagella."" [GOC:aruk, GOC:bc, GOC:mah, ISBN:0198506732, PMID:26820516, PMID:28096264]",2153,171,35,25413,0.2046783625730994,0.016256386437529028,query_1,['GO:0110165']
GO:CC,GO:0030055,cell-substrate junction,0.0015507760467104983,True,"""A cell junction that forms a connection between a cell and the extracellular matrix."" [GOC:aruk, GOC:bc, GOC:hb, GOC:mah, PMID:10419689, PMID:1643657, PMID:16805308, PMID:26923917, PMID:8314002]",185,171,9,25413,0.05263157894736842,0.04864864864864865,query_1,['GO:0070161']
GO:CC,GO:0098590,plasma membrane region,0.006508950480926756,True,"""A membrane that is a (regional) part of the plasma membrane."" [GOC:dos]",1202,171,22,25413,0.1286549707602339,0.018302828618968387,query_1,"['GO:0005886', 'GO:0016020']"
GO:CC,GO:0071944,cell periphery,0.020190244877789924,True,"""The broad region around and including the plasma membrane of a cell, encompassing the cell cortex (inside the cell), the plasma membrane, and any external encapsulating structures."" [GOC:pdt]",6371,171,66,25413,0.38596491228070173,0.01035944121801915,query_1,['GO:0110165']
GO:CC,GO:0009925,basal plasma membrane,0.02221677781782576,True,"""The region of the plasma membrane located at the basal end of the cell. Often used in reference to animal polarized epithelial membranes, where the basal membrane is the part attached to the extracellular matrix, or in plant cells, where the basal membrane is defined with respect to the zygotic axis."" [GOC:go_curators]",259,171,9,25413,0.05263157894736842,0.03474903474903475,query_1,"['GO:0045178', 'GO:0098590']"
GO:CC,GO:0005911,cell-cell junction,0.03223021980924396,True,"""A cell junction that forms a connection between two or more cells of an organism; excludes direct cytoplasmic intercellular bridges, such as ring canals in insects."" [GOC:aruk, GOC:bc, GOC:dgh, GOC:hb, GOC:mah, PMID:21422226, PMID:28096264]",477,171,12,25413,0.07017543859649122,0.025157232704402517,query_1,['GO:0070161']
GO:CC,GO:0045178,basal part of cell,0.03604199219655861,True,"""The region of a cell situated near the base. For example, in a polarized epithelial cell, the basal surface rests on the basal lamina that separates the epithelium from other tissue."" [GOC:mah, ISBN:0815316194]",276,171,9,25413,0.05263157894736842,0.03260869565217391,query_1,['GO:0110165']
