chrom	start	end	nearest_gene	dist_to_TSS
chr1	13231362	13231754	NM_001081209	104395
chr1	13259439	13260024	NM_001302702	-112698
chr1	56971496	56971817	NR_024325	187
chr1	82879220	82879528	NM_001310713	39914
chr1	86438640	86438807	NM_027966	12394
chr1	88237394	88238084	NM_001281466	10719
chr1	89804900	89805446	NR_015540	121281
chr1	93326645	93326796	NM_080850	-16068
chr1	107595013	107595545	NM_001159748	5273
chr1	135502085	135502511	NM_173437	47615
chr1	160100895	160101391	NR_038030	23158
chr1	170766962	170767349	NM_001081304	-83826
chr1	172869998	172870686	NM_011318	-24712
chr1	185209765	185210146	NM_001163754	5787
chr1	195033892	195034389	NR_015566	-2900
chr3	8993305	8993927	NM_001025261	-10588
chr3	65923298	65923624	NM_001355432	-34788
chr3	84108514	84108974	NM_029797	-47042
chr3	85629849	85630423	NM_144896	56007
chr3	89795616	89796057	NM_027315	22227
chr3	92461247	92461454	NM_001204427	2630
chr3	95109336	95109518	NM_009336	-1615
chr3	102187321	102187692	NM_177545	-17187
chr3	108129350	108129582	NM_010306	-16686
chr3	126832749	126832903	NM_001034168	-110560
chr3	142274534	142274739	NM_001277216	105211
chr3	142826687	142827261	NM_178654	-55030
chr3	146249042	146249335	NM_022983	28227
chr4	4021635	4021808	NM_181989	2058
chr4	40157940	40158468	NM_007386	14939
chr4	48542299	48542807	NM_001145924	2054
chr4	54949695	54949904	NM_172867	1854
chr4	56027253	56027634	NM_010637	494968
chr4	86690154	86690543	NM_007408	20289
chr4	95001423	95001839	NM_177239	22531
chr4	122885092	122885224	NM_001301067	-918
chr4	133127969	133128117	NM_153423	-2590
chr5	24689895	24690294	NM_001305264	4279
chr5	29309315	29309519	NM_020295	-68973
chr5	29687620	29688683	NM_001037940	-47747
chr5	35920646	35920887	NM_027373	27447
chr5	57755800	57756232	NM_001122758	37935
chr5	74029690	74030188	NM_177561	-38472
chr5	77076070	77076249	NR_162805	-8418
chr5	90852689	90853436	NM_008176	-38183
chr5	115492969	115493283	NM_001167691	8642
chr5	124470685	124471029	NM_030259	-7378
chr5	134614893	134615106	NM_020044	-26
chr6	6588265	6588744	NM_009169	9846
chr6	34608492	34608886	NM_001347100	10185
chr6	34628085	34628478	NR_167697	-25634
chr6	35184886	35185064	NM_027513	7359
chr6	51485620	51486238	NM_001355002	14677
chr6	86610842	86611177	NM_026414	-17165
chr6	89414149	89414519	NM_008881	51721
chr6	91226160	91226503	NM_001081437	13567
chr6	114939544	114939938	NM_001356371	17920
chr6	116055098	116055290	NM_001364577	-1817
chr6	119864280	119865109	NR_030776	16501
chr6	119993127	119993268	NM_001185020	-41114
chr6	124733025	124733419	NM_001077705	68
chr6	125425247	125425864	NM_198604	45051
chr6	134100039	134100346	NM_001303102	64492
chr6	134102357	134102696	NM_001303102	66826
chr6	135418467	135419007	NM_001288627	51244
chr6	136309567	136309825	NM_001142734	-17843
chr7	4778206	4778635	NM_001290423	279
chr7	34166953	34167097	NM_016682	-1504
chr7	43785410	43785598	NM_133712	4450
chr7	63774311	63774881	NR_166574	-121788
chr7	66591861	66592396	NM_080443	-97433
chr7	79288446	79288726	NM_018811	15320
chr7	100762523	100763027	NM_001362169	56140
chr7	110732083	110732476	NM_001276301	-35927
chr7	111157475	111157671	NR_015573	34898
chr7	112290072	112290577	NM_001193305	64488
chr7	118484521	118484941	NM_001033380	-7244
chr7	119939720	119940333	NM_001285959	39915
chr7	130253879	130254091	NM_001347638	-12823
chr7	132800871	132801088	NM_001347630	-12217
chr7	143025334	143026232	NM_001128080	20124
chr7	145089240	145089662	NM_001369202	-118668
chr8	11203241	11203791	NM_009932	-109289
chr8	11767190	11767815	NM_001113517	9137
chr8	25303767	25304112	NR_040352	-2331
chr8	35321245	35321743	NM_001364450	-54265
chr8	94317236	94317628	NR_029552	-6879
chr8	106363176	106363911	NM_021491	25578
chr8	111337405	111337552	NM_001310613	-727
chr8	126827983	126828474	NR_151740	-20792
chr8	127128227	127128385	NM_001013580	64250
chr8	128272824	128273280	NR_105822	-5173
chr8	128333266	128333781	NM_001358959	-25550
chr9	7965503	7965988	NM_001171147	-38851
chr9	43824678	43825217	NM_021424	80993
chr9	47607422	47607843	NM_001025600	77280
chr9	51180623	51181074	NM_011136	-32842
chr9	65529687	65530127	NM_001370871	9688
chr9	66734699	66735329	NM_001306148	21328
chr9	70318642	70318950	NR_049200	-86957
chr9	78595790	78596240	NM_001276452	7970
chr9	86446986	86447814	NM_027394	-17516
chr9	96470568	96470873	NM_001311135	-7955
chr9	102972308	102972894	NM_033314	-35886
chr9	114583859	114584320	NM_001042503	19720
chr9	120507298	120508241	NM_026892	15163
chr9	122103931	122104782	NM_001164572	-12910
chr9	122180009	122180479	NM_001164572	62785
chr9	122358527	122358718	NM_001359207	7006
chr10	12823899	12824162	NM_011682	-37705
chr10	12876459	12876726	NM_011682	14857
chr10	24397081	24397449	NM_021509	173748
chr10	24972806	24973818	NM_007482	45842
chr10	27063773	27064162	NM_176837	291455
chr10	58360672	58360969	NM_001193303	8857
chr10	61443697	61444294	NM_010124	-8674
chr10	77430710	77431082	NR_027377	12520
chr10	78417972	78418229	NM_010925	5057
chr10	80322869	80323200	NM_001003949	2486
chr10	80936034	80936256	NM_008655	6054
chr10	81142388	81142818	NM_010731	6332
chr10	93617277	93617445	NM_021320	-23688
chr10	94047812	94048500	NM_053072	12155
chr10	98744167	98744570	NM_001359506	-170274
chr10	117023610	117024194	NM_146242	-21439
chr11	4700651	4701065	NM_001362879	-3486
chr11	5434155	5434343	NM_001080924	-10598
chr11	8544278	8544676	NM_001083587	-120058
chr11	35668041	35668652	NM_011412	51530
chr11	59011245	59011522	NM_001290988	33290
chr11	70324716	70325314	NM_145684	2485
chr11	72792925	72793314	NM_001024926	-2720
chr11	80719037	80719283	NM_177390	-60865
chr11	83452531	83452723	NM_001320300	-10413
chr11	101141994	101142226	NM_134028	-13774
chr11	104278290	104278610	NM_001038609	47014
chr11	115185031	115185263	NM_001362889	-1687
chr11	115741102	115741375	NM_028014	-24195
chr12	24539978	24540218	NM_001161406	-32189
chr12	70681282	70681939	NM_028127	-143904
chr12	70695061	70695682	NM_028127	-130143
chr12	80228641	80229661	NM_001346669	-31212
chr12	85192374	85193029	NM_001271705	15388
chr12	99942351	99943195	NM_001164426	-21726
chr13	5666700	5666887	NR_045891	-191299
chr13	8847819	8848077	NM_001039388	-23096
chr13	23730548	23730803	NM_015786	-8132
chr13	37622421	37623030	NR_168924	41660
chr13	40656092	40656646	NR_125899	-71439
chr13	43032251	43032896	NM_001005740	-90266
chr13	46725299	46725487	NM_175749	-2456
chr13	51964396	51964815	NM_011817	117930
chr13	55465603	55465776	NM_001030296	1422
chr13	81691687	81691987	NM_001081176	-19176
chr13	91311316	91311697	NR_045161	-76579
chr13	99218069	99218288	NM_001004149	33355
chr13	103966432	103966941	NM_001005868	46100
chr14	11858117	11858425	NM_001347593	304718
chr14	16597953	16598722	NM_001289760	22861
chr14	25519677	25520037	NM_001309430	-14582
chr14	47303307	47303783	NM_001360542	5271
chr14	55208243	55208746	NM_027790	-13513
chr14	72869238	72869817	NR_027860	-156076
chr14	76278718	76279791	NR_152108	27792
chr14	99174184	99174613	NM_001360050	74628
chr14	101783510	101783889	NM_001347628	53771
chr15	53294446	53294892	NM_010162	-51514
chr15	75326628	75326957	NM_008530	58371
chr15	81175746	81176031	NM_001082536	-14848
chr15	81177782	81178193	NM_001082536	-12749
chr15	85347002	85347645	NM_016843	11068
chr15	91255256	91255861	NM_001358967	63551
chr15	101537799	101538318	NM_008474	5238
chr16	11511669	11512003	NM_001290148	106188
chr16	17177672	17178061	NM_009456	-23626
chr16	26065093	26065374	NM_173379	-40580
chr16	29977024	29977391	NR_037689	-1917
chr16	30655650	30656268	NM_177632	56236
chr16	31526509	31527275	NM_001357870	-91241
chr16	38396155	38396566	NM_001081984	34170
chr16	65818908	65819126	NM_001368760	3828
chr17	6180347	6180743	NM_001103181	42397
chr17	24948150	24948659	NM_001163447	11427
chr17	27038198	27039488	NM_001251881	9584
chr17	31993307	31993730	NM_028902	-40990
chr17	34121175	34121759	NM_001204973	-280
chr17	40824535	40824860	NM_011269	13548
chr17	62740927	62741563	NM_010109	-140072
chr17	79746161	79746372	NM_001364889	31205
chr17	88106346	88106880	NM_001190356	-18899
chr18	4970901	4971281	NM_001347449	-75498
chr18	5054107	5054403	NM_001347449	7666
chr18	7652652	7652931	NM_001081287	25928
chr18	39656832	39657330	NM_011033	-116416
chr18	46606035	46606197	NM_001374654	8392
chr18	62162157	62162584	NM_007420	-17611
chr18	64643901	64644235	NM_001001488	-16932
chr19	10869187	10870553	NM_001378918	91
chr19	16284805	16285013	NR_105832	-30095
chr19	16316855	16317089	NR_105832	1968
chr19	21784220	21784497	NM_001033759	6018
chr19	29368822	29369278	NM_021893	1612
chr19	32416724	32417175	NR_033198	27733
chr19	37922088	37922629	NM_001099634	-121219
chr19	40476591	40476773	NM_001034962	25284
chr19	45651636	45651845	NM_013907	-8453
chr19	46305981	46306113	NM_001177369	117
chr19	47659945	47660457	NM_001290825	-31841
chrX	73858882	73859436	NM_001374694	-21631
