chrom	start	end	nearest_refseq	dist_to_tss
chr1	8867750	8868202	NM_001290390	-431901
chr1	13231362	13231754	NM_001081209	104395
chr1	13259439	13260024	NM_001302702	-112698
chr1	19565036	19565494	NM_001025305	353211
chr1	36370998	36371185	NM_001277076	-1099
chr1	46782192	46782566	NM_001356416	-71239
chr1	56971496	56971817	NR_024325	187
chr1	57836796	57837287	NM_001164566	-8530
chr1	59487618	59488053	NM_008057	5688
chr1	64757344	64757928	NM_001042659	19886
chr1	82879220	82879528	NM_001310713	39914
chr1	84862503	84862717	NM_025386	22769
chr1	86245814	86246113	NM_145222	-57258
chr1	86438640	86438807	NM_027966	12394
chr1	87418653	87419039	NM_001110227	24117
chr1	88237394	88238084	NM_001281466	10719
chr1	89804900	89805446	NR_015540	121281
chr1	93326645	93326796	NM_080850	-16068
chr1	107595013	107595545	NM_001159748	5273
chr1	119799260	119799581	NM_019933	-37651
chr1	120305804	120306216	NM_207233	-34572
chr1	131085215	131085537	NM_008551	-12467
chr1	135502085	135502511	NM_173437	47615
chr1	155166104	155166569	NM_021433	7633
chr1	160100895	160101391	NR_038030	23158
chr1	170702438	170703441	NM_177068	58407
chr1	170766962	170767349	NM_001081304	-83826
chr1	170839670	170839942	NM_001081304	-11175
chr1	172869998	172870686	NM_011318	-24712
chr1	173877893	173878183	NM_001170853	-1920
chr1	183226017	183226373	NM_001278218	4666
chr1	185030527	185030831	NM_001378876	30725
chr1	185209765	185210146	NM_001163754	5787
chr1	195033892	195034389	NR_015566	-2900
chr3	8993305	8993927	NM_001025261	-10588
chr3	10417934	10418136	NM_001127191	-22095
chr3	19535341	19535891	NM_001163536	4369
chr3	41368243	41368852	NR_040385	-124652
chr3	50621121	50621496	NM_011990	177695
chr3	57487493	57487651	NR_165316	-39940
chr3	58173904	58174067	NR_040538	10178
chr3	65923298	65923624	NM_001355432	-34788
chr3	84108514	84108974	NM_029797	-47042
chr3	85629849	85630423	NM_144896	56007
chr3	89795616	89796057	NM_027315	22227
chr3	92461247	92461454	NM_001204427	2630
chr3	95109336	95109518	NM_009336	-1615
chr3	102187321	102187692	NM_177545	-17187
chr3	104289354	104289586	NM_001159354	69064
chr3	108129350	108129582	NM_010306	-16686
chr3	121945983	121946213	NM_001356524	-7131
chr3	122033159	122033695	NM_007378	-11033
chr3	126832749	126832903	NM_001034168	-110560
chr3	136819150	136819633	NM_001293622	149325
chr3	142274534	142274739	NM_001277216	105211
chr3	142826687	142827261	NM_178654	-55030
chr3	146249042	146249335	NM_022983	28227
chr3	148422749	148423090	NM_001081298	-531716
chr4	4021635	4021808	NM_181989	2058
chr4	11409203	11409491	NM_001290383	22564
chr4	22047714	22048164	NM_175234	116613
chr4	32164254	32164561	NM_009316	200300
chr4	40157940	40158468	NM_007386	14939
chr4	41331089	41331451	NM_026893	16369
chr4	43479620	43479774	NM_019436	-4012
chr4	48542299	48542807	NM_001145924	2054
chr4	48904974	48905910	NM_178756	-154020
chr4	54949695	54949904	NM_172867	1854
chr4	55631166	55631541	NM_010637	98878
chr4	55778684	55779188	NM_010637	246461
chr4	56027253	56027634	NM_010637	494968
chr4	82272461	82273250	NR_151604	206965
chr4	86690154	86690543	NM_007408	20289
chr4	95001423	95001839	NM_177239	22531
chr4	99046481	99046738	NM_013913	15655
chr4	100850809	100851635	NM_198037	74543
chr4	105248214	105248539	NM_080555	91029
chr4	117031209	117031380	NM_001111277	11892
chr4	117469572	117469868	NM_001310729	-27332
chr4	119367191	119367451	NM_001270435	7427
chr4	119974165	119974594	NM_010657	159701
chr4	122885092	122885224	NM_001301067	-918
chr4	130270148	130270435	NM_001253386	-1143
chr4	133127969	133128117	NM_153423	-2590
chr4	151604530	151605363	NM_001081557	-256822
chr5	4538599	4538966	NM_021457	-219434
chr5	12542163	12542427	NM_028882	159129
chr5	24689895	24690294	NM_001305264	4279
chr5	29309315	29309519	NM_020295	-68973
chr5	29687620	29688683	NM_001037940	-47747
chr5	29929509	29929644	NM_001314054	-83538
chr5	35920646	35920887	NM_027373	27447
chr5	52230291	52230830	NR_040717	14127
chr5	57755800	57756232	NM_001122758	37935
chr5	67931793	67932375	NM_001256184	-9585
chr5	74029690	74030188	NM_177561	-38472
chr5	77076070	77076249	NR_162805	-8418
chr5	90852689	90853436	NM_008176	-38183
chr5	92763691	92763961	NR_035487	-24736
chr5	102719393	102720089	NM_001286468	-49069
chr5	112530610	112531035	NM_001253916	-46376
chr5	115492969	115493283	NM_001167691	8642
chr5	121909228	121909509	NM_001359949	60371
chr5	123245630	123245789	NM_001370840	-8079
chr5	124470685	124471029	NM_030259	-7378
chr5	134614893	134615106	NM_020044	-26
chr5	137159545	137159783	NM_010843	-6382
chr5	139970274	139970554	NM_001384186	62548
chr5	140439257	140439390	NM_001378679	-6128
chr5	146861595	146861983	NM_026864	16718
chr5	148820344	148820863	NR_131106	42640
chr5	151238790	151239178	NM_001163493	48791
chr6	6588265	6588744	NM_009169	9846
chr6	13860244	13860682	NM_001352887	-11055
chr6	28826646	28826799	NM_138682	-5025
chr6	32990121	32990740	NM_001355667	-69830
chr6	34608492	34608886	NM_001347100	10185
chr6	34628085	34628478	NR_167697	-25634
chr6	35184886	35185064	NM_027513	7359
chr6	37225344	37225546	NM_001081206	-74531
chr6	51485620	51486238	NM_001355002	14677
chr6	53637933	53638341	NM_001327821	64763
chr6	67125611	67125921	NM_007836	88359
chr6	71081923	71082741	NM_001033929	-62048
chr6	72243375	72243621	NM_153778	7921
chr6	85938714	85939130	NM_028099	-22745
chr6	86610842	86611177	NM_026414	-17165
chr6	89414149	89414519	NM_008881	51721
chr6	91226160	91226503	NM_001081437	13567
chr6	93266893	93267440	NM_175314	323632
chr6	100097196	100097532	NM_019743	-189994
chr6	114939544	114939938	NM_001356371	17920
chr6	116055098	116055290	NM_001364577	-1817
chr6	117012664	117012909	NM_001012477	-155749
chr6	119864280	119865109	NR_030776	16501
chr6	119993127	119993268	NM_001185020	-41114
chr6	124733025	124733419	NM_001077705	68
chr6	124993391	124993665	NM_001145926	-3192
chr6	125425247	125425864	NM_198604	45051
chr6	128178656	128178950	NR_077223	-5000
chr6	134100039	134100346	NM_001303102	64492
chr6	134102357	134102696	NM_001303102	66826
chr6	135418467	135419007	NM_001288627	51244
chr6	136309567	136309825	NM_001142734	-17843
chr6	142572920	142573271	NM_001330363	1481
chr6	144756373	144756852	NR_040519	83744
chr7	4778206	4778635	NM_001290423	279
chr7	5099793	5100387	NM_001145013	-16821
chr7	13310603	13310742	NM_001004762	-14995
chr7	29007674	29007971	NM_001355054	24968
chr7	34166953	34167097	NM_016682	-1504
chr7	36256965	36257573	NM_172298	-440849
chr7	43785410	43785598	NM_133712	4450
chr7	44378159	44378668	NM_027049	3383
chr7	63774311	63774881	NR_166574	-121788
chr7	66591861	66592396	NM_080443	-97433
chr7	73021697	73022133	NR_046024	-80153
chr7	73035846	73036232	NR_046024	-66029
chr7	73055875	73056177	NR_046024	-46042
chr7	74510336	74510547	NM_001038643	-44339
chr7	79288446	79288726	NM_018811	15320
chr7	81157538	81157743	NM_001004184	42841
chr7	90643476	90643880	NM_026734	167683
chr7	92402355	92402489	NM_001162918	-158727
chr7	96303651	96303783	NM_001310760	-1950
chr7	100187598	100187992	NM_001190869	9112
chr7	100762523	100763027	NM_001362169	56140
chr7	110624181	110624350	NM_009627	-3392
chr7	110732083	110732476	NM_001276301	-35927
chr7	111157475	111157671	NR_015573	34898
chr7	112290072	112290577	NM_001193305	64488
chr7	118484521	118484941	NM_001033380	-7244
chr7	119022465	119022827	NM_001195774	27435
chr7	119939720	119940333	NM_001285959	39915
chr7	121890523	121891170	NM_001272023	25808
chr7	129744571	129745067	NM_172255	152956
chr7	130253879	130254091	NM_001347638	-12823
chr7	132800871	132801088	NM_001347630	-12217
chr7	143025334	143026232	NM_001128080	20124
chr7	145089240	145089662	NM_001369202	-118668
chr8	3336741	3337644	NM_001370668	-16245
chr8	11203241	11203791	NM_009932	-109289
chr8	11767190	11767815	NM_001113517	9137
chr8	25161256	25161564	NM_177089	2177
chr8	25303767	25304112	NR_040352	-2331
chr8	26838629	26838808	NR_045904	14295
chr8	35233643	35233971	NR_168727	-27624
chr8	35321245	35321743	NM_001364450	-54265
chr8	46991005	46991384	NM_177304	4307
chr8	61782904	61783252	NM_001081390	22989
chr8	78765070	78765354	NM_001191004	-55940
chr8	81061932	81062247	NM_027554	47183
chr8	88376704	88377301	NM_001377013	14830
chr8	92976288	92976987	NM_009209	15590
chr8	94107748	94108099	NM_026116	9414
chr8	94317236	94317628	NR_029552	-6879
chr8	106363176	106363911	NM_021491	25578
chr8	106640155	106640568	NM_009864	37011
chr8	108796056	108796515	NM_007496	81641
chr8	111337405	111337552	NM_001310613	-727
chr8	114143591	114144161	NM_001290181	10258
chr8	114352074	114352455	NR_045831	786
chr8	125514046	125514311	NM_001081337	21345
chr8	126827983	126828474	NR_151740	-20792
chr8	127128227	127128385	NM_001013580	64250
chr8	128272824	128273280	NR_105822	-5173
chr8	128333266	128333781	NM_001358959	-25550
chr9	7965503	7965988	NM_001171147	-38851
chr9	14967626	14967964	NM_022888	64028
chr9	15243043	15243255	NM_026955	4104
chr9	15285560	15285701	NM_001364533	5724
chr9	32062767	32063009	NM_001195632	30585
chr9	37932648	37932950	NM_146798	14251
chr9	41323247	41323437	NR_015483	-53184
chr9	43824678	43825217	NM_021424	80993
chr9	47607422	47607843	NM_001025600	77280
chr9	49490745	49490912	NM_172770	4603
chr9	51180623	51181074	NM_011136	-32842
chr9	65253967	65254142	NM_001364527	-11126
chr9	65529687	65530127	NM_001370871	9688
chr9	65814050	65814310	NM_172536	-13384
chr9	66734699	66735329	NM_001306148	21328
chr9	66833179	66833340	NM_026674	-1447
chr9	69870367	69870643	NR_040765	109359
chr9	70318642	70318950	NR_049200	-86957
chr9	75485294	75485486	NM_001373998	16817
chr9	77486944	77487163	NM_001146048	-57006
chr9	78595790	78596240	NM_001276452	7970
chr9	86446986	86447814	NM_027394	-17516
chr9	92226097	92226575	NM_011636	-23858
chr9	96470568	96470873	NM_001311135	-7955
chr9	96844593	96845170	NM_001289645	-44593
chr9	102972308	102972894	NM_033314	-35886
chr9	114583859	114584320	NM_001042503	19720
chr9	118881371	118882285	NR_168556	-5394
chr9	120507298	120508241	NM_026892	15163
chr9	122103931	122104782	NM_001164572	-12910
chr9	122180009	122180479	NM_001164572	62785
chr9	122358527	122358718	NM_001359207	7006
chr9	123845117	123845466	NM_001110253	-6370
chr10	9258805	9258966	NM_175155	372815
chr10	12823899	12824162	NM_011682	-37705
chr10	12876459	12876726	NM_011682	14857
chr10	13826858	13827513	NM_001347362	-41772
chr10	13915343	13915696	NR_152745	44239
chr10	18251304	18251891	NM_001346751	16616
chr10	24397081	24397449	NM_021509	173748
chr10	24972806	24973818	NM_007482	45842
chr10	26854624	26854954	NM_176837	82277
chr10	27063773	27064162	NM_176837	291455
chr10	37193915	37195145	NR_166103	52060
chr10	58360672	58360969	NM_001193303	8857
chr10	61443697	61444294	NM_010124	-8674
chr10	67330674	67331129	NM_001036293	45620
chr10	69148137	69148493	NM_001081347	-60237
chr10	77430710	77431082	NR_027377	12520
chr10	78417972	78418229	NM_010925	5057
chr10	80322869	80323200	NM_001003949	2486
chr10	80936034	80936256	NM_008655	6054
chr10	81142388	81142818	NM_010731	6332
chr10	81360286	81360411	NM_028657	2857
chr10	93617277	93617445	NM_021320	-23688
chr10	94047812	94048500	NM_053072	12155
chr10	97018734	97019046	NR_045358	-16878
chr10	98744167	98744570	NM_001359506	-170274
chr10	109129631	109129938	NM_001252341	118809
chr10	115468929	115469498	NM_001033261	84254
chr10	117023610	117024194	NM_146242	-21439
chr10	119080589	119081023	NR_045348	-12099
chr10	128878306	128878592	NM_010272	-13269
chr11	4249270	4249606	NM_001039537	-8130
chr11	4291739	4292135	NR_166830	6469
chr11	4700651	4701065	NM_001362879	-3486
chr11	5434155	5434343	NM_001080924	-10598
chr11	8544278	8544676	NM_001083587	-120058
chr11	35668041	35668652	NM_011412	51530
chr11	36353262	36353620	NM_170779	372914
chr11	52223020	52223261	NM_011543	-8855
chr11	52299688	52300116	NM_001313981	16888
chr11	59011245	59011522	NM_001290988	33290
chr11	61320873	61321319	NM_001033542	-21764
chr11	63884318	63884770	NM_018805	-37740
chr11	70324716	70325314	NM_145684	2485
chr11	72792925	72793314	NM_001024926	-2720
chr11	80719037	80719283	NM_177390	-60865
chr11	83452531	83452723	NM_001320300	-10413
chr11	87749540	87749794	NR_029555	-7197
chr11	90220334	90220606	NM_026178	-29006
chr11	101141994	101142226	NM_134028	-13774
chr11	104278290	104278610	NM_001038609	47014
chr11	105402317	105403114	NM_001039242	-54020
chr11	106450204	106450730	NM_023913	-37329
chr11	108040065	108040448	NR_106082	43408
chr11	109514166	109514659	NM_001166177	19073
chr11	110405814	110405989	NM_001356345	6799
chr11	115083308	115083752	NM_001163753	-7901
chr11	115185031	115185263	NM_001362889	-1687
chr11	115741102	115741375	NM_028014	-24195
chr12	5123383	5123688	NM_001362349	206182
chr12	16145527	16145986	NM_144551	328971
chr12	24539978	24540218	NM_001161406	-32189
chr12	29621732	29622033	NR_046080	-64563
chr12	39977967	39978546	NM_001039515	-59120
chr12	52377261	52377467	NR_136881	-103245
chr12	57185586	57185743	NM_001167976	-11808
chr12	64701120	64701344	NM_001025605	-216679
chr12	70681282	70681939	NM_028127	-143904
chr12	70695061	70695682	NM_028127	-130143
chr12	77195179	77195383	NM_001252614	-42823
chr12	77211975	77212148	NM_001252614	-26043
chr12	80228641	80229661	NM_001346669	-31212
chr12	85192374	85193029	NM_001271705	15388
chr12	85912891	85913416	NM_001081423	88233
chr12	91703496	91703931	NM_175367	-82723
chr12	99050386	99050676	NR_038130	-112277
chr12	99942351	99943195	NM_001164426	-21726
chr12	112085886	112086368	NM_001081169	-20556
chr12	112268545	112268866	NM_001097621	122497
chr12	118293290	118293876	NM_001166385	-7857
chr12	119230423	119230941	NM_177290	-7594
chr13	5666700	5666887	NR_045891	-191299
chr13	8847819	8848077	NM_001039388	-23096
chr13	23730548	23730803	NM_015786	-8132
chr13	32053598	32053850	NM_008592	247078
chr13	37622421	37623030	NR_168924	41660
chr13	37633069	37633435	NR_168924	52187
chr13	40656092	40656646	NR_125899	-71439
chr13	40879317	40879591	NM_008105	-7304
chr13	41833721	41834090	NM_001145875	-13583
chr13	43032251	43032896	NM_001005740	-90266
chr13	45088758	45089134	NM_025772	86850
chr13	45247886	45248202	NM_153789	-141698
chr13	45614810	45615474	NM_025508	107698
chr13	46725299	46725487	NM_175749	-2456
chr13	51360308	51360925	NM_010101	-48002
chr13	51964396	51964815	NM_011817	117930
chr13	52871754	52872368	NM_016709	-57616
chr13	53019425	53019721	NM_017373	38534
chr13	53558933	53559271	NR_131079	-80099
chr13	55465603	55465776	NM_001030296	1422
chr13	58465323	58465716	NM_001301340	62176
chr13	60095746	60096041	NR_046142	66182
chr13	75578916	75579392	NR_030451	-65892
chr13	75792220	75792513	NM_001360151	-47519
chr13	81691687	81691987	NM_001081176	-19176
chr13	91311316	91311697	NR_045161	-76579
chr13	97505079	97505269	NR_110430	22473
chr13	97990995	97991292	NM_012026	-215022
chr13	99218069	99218288	NM_001004149	33355
chr13	103966432	103966941	NM_001005868	46100
chr13	111968082	111968391	NR_130345	100300
chr13	112863237	112863538	NM_008247	62610
chr13	113418081	113418453	NR_045501	-84577
chr13	113569501	113569981	NM_130796	-48823
chr14	8300375	8300650	NM_001360337	-9265
chr14	9716435	9716756	NR_030680	-167500
chr14	11858117	11858425	NM_001347593	304718
chr14	14059641	14060069	NM_139227	47364
chr14	16597953	16598722	NM_001289760	22861
chr14	23573410	23573741	NM_001253358	-430630
chr14	25519677	25520037	NM_001309430	-14582
chr14	25676388	25677113	NM_134084	-17420
chr14	31780967	31781818	NM_001024604	-49023
chr14	34280410	34280544	NM_001360074	-30040
chr14	47303307	47303783	NM_001360542	5271
chr14	47497540	47497802	NM_001146085	25110
chr14	52068978	52069580	NR_028552	-36
chr14	54232929	54233763	NM_001113358	-20583
chr14	55208243	55208746	NM_027790	-13513
chr14	61238646	61239174	NM_011892	-19580
chr14	61327127	61327302	NM_177337	17461
chr14	63271405	63271818	NM_001310610	26340
chr14	65783041	65783738	NM_023209	-22522
chr14	72869238	72869817	NR_027860	-156076
chr14	76278718	76279791	NR_152108	27792
chr14	98406330	98406817	NM_001038610	236808
chr14	99174184	99174613	NM_001360050	74628
chr14	101651350	101651490	NM_016723	-2547
chr14	101783510	101783889	NM_001347628	53771
chr14	118212649	118213189	NR_105749	-23313
chr15	12477278	12477783	NM_025673	156034
chr15	25302799	25303253	NM_027395	-110738
chr15	40114135	40114455	NM_001256056	-20070
chr15	53294446	53294892	NM_010162	-51514
chr15	54780836	54780952	NM_010930	34984
chr15	56498577	56499238	NR_002874	-191037
chr15	59089965	59091149	NM_001146180	8531
chr15	73595210	73595950	NM_001033219	-946
chr15	75326628	75326957	NM_008530	58371
chr15	78178484	78178638	NM_025931	4480
chr15	80716728	80716885	NM_144812	5493
chr15	81175746	81176031	NM_001082536	-14848
chr15	81177782	81178193	NM_001082536	-12749
chr15	81311017	81311486	NM_011399	-49514
chr15	85347002	85347645	NM_016843	11068
chr15	91255256	91255861	NM_001358967	63551
chr15	96524238	96524697	NM_028148	63624
chr15	99614608	99614948	NM_175087	13578
chr15	100637768	100638020	NM_001033872	954
chr15	101537799	101538318	NM_008474	5238
chr15	102818404	102819502	NR_104334	72044
chr16	11469513	11469841	NM_001290148	64029
chr16	11511669	11512003	NM_001290148	106188
chr16	13400397	13401166	NM_001122667	42360
chr16	17177672	17178061	NM_009456	-23626
chr16	22794824	22795061	NM_009967	-16468
chr16	26065093	26065374	NM_173379	-40580
chr16	29977024	29977391	NR_037689	-1917
chr16	30655650	30656268	NM_177632	56236
chr16	31526509	31527275	NM_001357870	-91241
chr16	34372144	34372876	NM_001164268	-141517
chr16	38396155	38396566	NM_001081984	34170
chr16	65818908	65819126	NM_001368760	3828
chr17	6180347	6180743	NM_001103181	42397
chr17	8757536	8758056	NM_001290707	-43949
chr17	23559884	23560009	NM_001033496	-4280
chr17	24948150	24948659	NM_001163447	11427
chr17	27038198	27039488	NM_001251881	9584
chr17	31344299	31344638	NM_001163748	-41766
chr17	31993307	31993730	NM_028902	-40990
chr17	34121175	34121759	NM_001204973	-280
chr17	40824535	40824860	NM_011269	13548
chr17	62740927	62741563	NM_010109	-140072
chr17	63146011	63146796	NM_015794	-166570
chr17	65627288	65627427	NM_001146002	-12399
chr17	78571358	78571960	NM_001197028	63596
chr17	79746161	79746372	NM_001364889	31205
chr17	87041738	87042130	NM_019936	16373
chr17	88106346	88106880	NM_001190356	-18899
chr18	4970901	4971281	NM_001347449	-75498
chr18	5054107	5054403	NM_001347449	7666
chr18	7652652	7652931	NM_001081287	25928
chr18	15080173	15080343	NM_001142731	16676
chr18	33472657	33473218	NR_045415	8774
chr18	39656832	39657330	NM_011033	-116416
chr18	46606035	46606197	NM_001374654	8392
chr18	61044627	61044948	NM_001146268	-363
chr18	62162157	62162584	NM_007420	-17611
chr18	64643901	64644235	NM_001001488	-16932
chr18	69822778	69823407	NM_201362	-102467
chr18	80447142	80447781	NM_026295	-22231
chr19	3956217	3956530	NM_028545	-2435
chr19	10869187	10870553	NM_001378918	91
chr19	14682602	14683136	NM_001302947	84686
chr19	16284805	16285013	NR_105832	-30095
chr19	16316855	16317089	NR_105832	1968
chr19	21784220	21784497	NM_001033759	6018
chr19	24325720	24326039	NM_008044	45289
chr19	29368822	29369278	NM_021893	1612
chr19	29836833	29837348	NM_177721	24116
chr19	32416724	32417175	NR_033198	27733
chr19	37922088	37922629	NM_001099634	-121219
chr19	40476591	40476773	NM_001034962	25284
chr19	45651636	45651845	NM_013907	-8453
chr19	46305981	46306113	NM_001177369	117
chr19	47659945	47660457	NM_001290825	-31841
chr19	59400210	59400525	NM_001033222	54587
chr19	59402106	59402537	NR_002863	-56314
chrX	10514974	10515301	NM_019634	30021
chrX	11254021	11254361	NM_001111037-HOMER2	-45066
chrX	23745799	23746194	NM_001305675	52945
chrX	36715867	36716201	NM_001085497	-27598
chrX	73465416	73465827	NM_028633	6592
chrX	73858882	73859436	NM_001374694	-21631
chrX	75578017	75578306	NM_175122	-70
chrX	102031586	102032222	NM_001278534	-39403
chrX	167172997	167173218	NM_021278	-36111
