category	term	p_value	target_in_term	genes_in_term	genes
GO biological process	developmental process	6.2e-11	73	6107	Hsf2bp,Tpd52,Wasf2,Atf6,Fbxw4,Abhd5,Slit3,Arhgef7,Mapk8ip3,Lims1,Yap1,Etv6,Nrp1,Cyb5d2,Nav1,Cadm1,Popdc2,Rnf7,Pou2af1,Nectin1,Plxna1,Tmem94,Utrn,Wdr37,Eif4a3l1,Svil,Lmbr1,Actn1,Asprv1,Rhag,Ext1,Pgf,Sprr3,Znrf3,Ntn4,Lrrc10,Vps72,Zbtb7a,Krt84,Agfg1,Pard3,Cap1,Dnajb6,Lpar3,L1cam,Abcd2,Phactr1,Mir138-2,Nfkb2,Grhl1,Wnk1,Abhd2,Vangl1,Gadd45b,Rarb,Cemip2,Prr7,Fgfr2,Atxn10,Cald1,Atp8b1,Mapt,Ggnbp1,Aco1,Ube2q1,Adrb2,Cyp1b1,Trim71,Rilpl2,Ptpn6,Brd2,Smpd3,Mrtfa
GO biological process	cellular component organization or biogenesis	2.0e-10	70	5850	Ggnbp1,Tspan32,Sdr16c5,Mapt,Atp8b1,Brd2,Mrtfa,Smpd3,Cyp1b1,Rilpl2,Sirt4,Cald1,Pkn2,Atxn10,Fgfr2,Apcs,Abcd2,H1f2,Lpar3,L1cam,Wnk1,Phactr1,Grhl1,Nfkb2,Ext1,Nup205,Cap1,Zfp462,Cbx3,Pard3,Nup153,Dnajb6,Ntn4,Agfg1,Krt84,Zbtb7a,Vps72,Gnai3,Svil,Emp1,Myo1d,Mpp7,Actn1,Cadm1,Nav1,Plxna1,Tmcc1,Mnd1,Rnf7,Nectin1,Mmp28,Mapk8ip3,Slit3,Arhgef7,Mlkl,Etv6,Nrp1,Mysm1,Sorbs1,Yap1,Lims1,Wasf2,Rrp1,Tubg2,Mical2,Hsf2bp,Dis3,Sem1,Col17a1,Plin2
GO biological process	anatomical structure development	2.0e-10	69	5717	Grhl1,Mir138-2,Nfkb2,Phactr1,Abhd2,Wnk1,L1cam,Lpar3,Abcd2,Krt84,Agfg1,Zbtb7a,Lrrc10,Ntn4,Dnajb6,Cap1,Pard3,Sprr3,Pgf,Ext1,Znrf3,Rilpl2,Cyp1b1,Trim71,Mrtfa,Smpd3,Brd2,Ptpn6,Mapt,Atp8b1,Ube2q1,Aco1,Ggnbp1,Fgfr2,Atxn10,Cald1,Vangl1,Gadd45b,Prr7,Cemip2,Rarb,Lims1,Yap1,Cyb5d2,Nrp1,Etv6,Arhgef7,Slit3,Mapk8ip3,Fbxw4,Atf6,Tpd52,Wasf2,Asprv1,Actn1,Lmbr1,Rhag,Svil,Eif4a3l1,Utrn,Wdr37,Pou2af1,Nectin1,Rnf7,Tmem94,Plxna1,Nav1,Popdc2,Cadm1
GO biological process	cellular component organization	2.9e-10	68	5635	Mrtfa,Smpd3,Brd2,Rilpl2,Cyp1b1,Tspan32,Ggnbp1,Mapt,Atp8b1,Sdr16c5,Pkn2,Atxn10,Cald1,Apcs,Fgfr2,Sirt4,Wnk1,Grhl1,Nfkb2,Phactr1,Abcd2,H1f2,L1cam,Lpar3,Nup153,Dnajb6,Zfp462,Cap1,Nup205,Cbx3,Pard3,Agfg1,Krt84,Vps72,Zbtb7a,Ntn4,Ext1,Myo1d,Actn1,Mpp7,Gnai3,Emp1,Svil,Plxna1,Mnd1,Tmcc1,Mmp28,Nectin1,Rnf7,Cadm1,Nav1,Nrp1,Mysm1,Etv6,Mlkl,Lims1,Yap1,Sorbs1,Mapk8ip3,Arhgef7,Slit3,Plin2,Col17a1,Sem1,Wasf2,Hsf2bp,Tubg2,Mical2
GO biological process	biological regulation	2.9e-09	115	13260	Eif4ebp2,Sirt4,Trim11,Rarb,Dhrs2,Fam53b,Atxn10,Pkn2,Fbln2,Sdr16c5,Atp8b1,Ube2q1,Adrb2,Tmem132a,Cyp1b1,Smpd3,Ext1,P3h2,Israa,Lmo7,Uba2,Vps72,Pask,Cbx3,Pard3,Dnajb6,Nup153,Tmem259,H1f2,Ly6f,Grhl1,Ppp1r3b,Wnk1,Abhd2,Mmp28,Fgd6,Utrn,Eif4a3l1,Svil,Erbin,Lmbr1,Tpd52,Wasf2,Atf6,Vgll4,Plin2,Abhd5,Arhgef7,Cd274,Yap1,Zfp366,Etv6,Mysm1,Cyb5d2,Nrp1,Gadd45b,Il11,Mir21c,Prr7,Fgfr2,Apcs,Nub1,Cald1,Mapt,Aco1,Asb7,Tspan32,Trim71,Rab3gap2,Lat2,Sgms1os1,Ptpn6,Brd2,Mrtfa,Pgf,Usp46,Znrf3,Ntn4,Zbtb7a,Fam168a,Krt84,Cap1,Zfp462,Lpar3,L1cam,Abcd2,Phactr1,Nfkb2,Mir138-2,Cadm1,Popdc2,Rnf7,Nectin1,Pou2af1,Plxna1,Kcnk13,Vgll3,Gnai3,Mpp7,Ube2l3,Arg1,Mical2,Afap1,Ccnl1,Serpinb8,Fbxw4,Dis3,Polr3g,Slit3,Cxcl1,Mapk8ip3,Sorbs1,Car12,Lims1,Mlkl
GO biological process	regulation of biological process	4.4e-09	112	12814	Dhrs2,Rarb,Sirt4,Eif4ebp2,Trim11,Atxn10,Pkn2,Fam53b,Ube2q1,Adrb2,Tmem132a,Atp8b1,Fbln2,Sdr16c5,Smpd3,Cyp1b1,Lmo7,Israa,P3h2,Ext1,Dnajb6,Nup153,Pard3,Cbx3,Pask,Vps72,Uba2,H1f2,Tmem259,Abhd2,Wnk1,Ppp1r3b,Grhl1,Ly6f,Mmp28,Svil,Utrn,Eif4a3l1,Erbin,Lmbr1,Wasf2,Tpd52,Plin2,Vgll4,Atf6,Cd274,Arhgef7,Abhd5,Mysm1,Cyb5d2,Nrp1,Etv6,Zfp366,Yap1,Mir21c,Prr7,Il11,Gadd45b,Cald1,Apcs,Nub1,Fgfr2,Asb7,Tspan32,Aco1,Mapt,Mrtfa,Ptpn6,Brd2,Rab3gap2,Lat2,Sgms1os1,Trim71,Usp46,Znrf3,Pgf,Cap1,Zfp462,Zbtb7a,Fam168a,Krt84,Ntn4,Abcd2,L1cam,Lpar3,Mir138-2,Nfkb2,Phactr1,Popdc2,Cadm1,Plxna1,Pou2af1,Nectin1,Rnf7,Gnai3,Vgll3,Arg1,Ube2l3,Mpp7,Mical2,Afap1,Dis3,Serpinb8,Fbxw4,Ccnl1,Mapk8ip3,Cxcl1,Polr3g,Slit3,Mlkl,Lims1,Sorbs1
GO biological process	regulation of metabolic process	5.1e-09	74	6852	Ube2l3,Arg1,Erbin,Gnai3,Eif4a3l1,Vgll3,Rnf7,Pou2af1,Cadm1,Etv6,Mysm1,Nrp1,Sorbs1,Lims1,Zfp366,Yap1,Mapk8ip3,Cd274,Abhd5,Polr3g,Slit3,Cxcl1,Dis3,Ccnl1,Vgll4,Atf6,Serpinb8,Mical2,Brd2,Ptpn6,Smpd3,Mrtfa,Cyp1b1,Trim71,Rab3gap2,Sgms1os1,Aco1,Adrb2,Tmem132a,Sdr16c5,Atp8b1,Mapt,Fgfr2,Apcs,Nub1,Rarb,Mir21c,Prr7,Eif4ebp2,Sirt4,Trim11,Gadd45b,Il11,Wnk1,Phactr1,Nfkb2,Grhl1,Ppp1r3b,Abcd2,H1f2,Lpar3,Tmem259,Pard3,Cbx3,Zfp462,Dnajb6,Uba2,Vps72,Zbtb7a,Pask,Fam168a,Israa,Lmo7,Pgf
GO biological process	regulation of macromolecule metabolic process	6.7e-09	70	6330	Polr3g,Slit3,Mapk8ip3,Cd274,Sorbs1,Yap1,Lims1,Zfp366,Etv6,Mysm1,Nrp1,Mical2,Ccnl1,Atf6,Vgll4,Serpinb8,Dis3,Eif4a3l1,Vgll3,Erbin,Ube2l3,Arg1,Cadm1,Rnf7,Pou2af1,Tmem259,H1f2,Abcd2,Phactr1,Nfkb2,Ppp1r3b,Grhl1,Wnk1,Pgf,Israa,Lmo7,Uba2,Vps72,Fam168a,Pask,Zbtb7a,Pard3,Cbx3,Zfp462,Dnajb6,Sdr16c5,Atp8b1,Mapt,Aco1,Adrb2,Tmem132a,Cyp1b1,Trim71,Rab3gap2,Sgms1os1,Brd2,Ptpn6,Smpd3,Mrtfa,Eif4ebp2,Sirt4,Trim11,Gadd45b,Il11,Rarb,Mir21c,Prr7,Fgfr2,Apcs,Nub1
GO molecular function	binding	1.8e-12	126	14372	Gatb,Rilpl2,Rarb,Rhag,Brd2,Ppp1r3b,Agfg1,Lat2,Polr3g,Cyp1b1,Lmo7,Mnd1,Cemip2,Ptpn6,P3h2,Etv6,Lims1,Apcs,Pcdh7,Ggnbp1,Eif1b,Erbin,Vgll3,Nrp1,Gadd45b,Abhd2,Ly6f,Cxcl1,Ube2q1,H1f2,Sem1,Actn1,Mpp7,Sprr3,Lpar3,Ube3d,Wasf2,Mical2,Abhd5,Vgll4,Zfp366,Trim11,Ube2l3,Eif4a3l1,Plin2,Vps72,Mapt,Slit3,Rab3gap2,Cd274,Col17a1,Cald1,Dis3,Mrtfa,Uba2,Grhl1,Lrrc10,Fgfr2,Alox12e,Mysm1,Mir21c,Pask,Ccnl1,Zbtb7a,Abcd2,Arg1,Pkn2,Svil,Tmcc1,Sdr16c5,Trim71,Atf6,Car12,Fbln2,Snrk,Arhgef7,Mapk8ip3,Rnf7,Ntn4,Cbx3,L1cam,Mlkl,Plxna1,Tubg2,Myo1d,Znrf3,Atxn10,Adrb2,Phactr1,Zfp462,Aco1,Popdc2,Smpd3,Israa,Hsf2bp,Ampd3,Eif1a,Gnai3,Cadm1,Pgf,Sorbs1,Usp46,Il11,Nectin1,Sirt4,Ext1,Fgd6,Wnk1,Dnajb6,Cyb5d2,Eif4ebp2,Utrn,Cap1,Pard3,Tpd52,Tmem259,Prr7,Afap1,Wdr37,Tmem132a,Pou2af1,Nfkb2,Vangl1,Nup153,Yap1,Atp8b1
GO molecular function	protein binding	3.0e-12	99	9685	Cap1,Pard3,Tpd52,Tmem259,Eif4ebp2,Utrn,Wdr37,Afap1,Prr7,Ext1,Il11,Sirt4,Nectin1,Sorbs1,Dnajb6,Wnk1,Vangl1,Tmem132a,Pou2af1,Nfkb2,Nup153,Yap1,Rnf7,Mapk8ip3,Mlkl,Plxna1,Ntn4,Cbx3,L1cam,Sdr16c5,Trim71,Fbln2,Arhgef7,Atf6,Cadm1,Pgf,Gnai3,Phactr1,Myo1d,Znrf3,Atxn10,Adrb2,Hsf2bp,Smpd3,Israa,Col17a1,Cald1,Cd274,Abhd5,Vgll4,Zfp366,Trim11,Vps72,Rab3gap2,Mapt,Slit3,Ube2l3,Plin2,Pkn2,Arg1,Abcd2,Svil,Tmcc1,Ccnl1,Zbtb7a,Uba2,Grhl1,Mrtfa,Mysm1,Fgfr2,Lrrc10,Etv6,Ptpn6,Apcs,Pcdh7,Lims1,Brd2,Ppp1r3b,Rilpl2,Rarb,Rhag,Lmo7,Lat2,H1f2,Ube3d,Wasf2,Mical2,Sem1,Actn1,Mpp7,Sprr3,Lpar3,Erbin,Vgll3,Nrp1,Ggnbp1,Cxcl1,Gadd45b,Ly6f
GO molecular function	actin binding	1.1e-05	12	446	Myo1d,Mrtfa,Phactr1,Lrrc10,Utrn,Cap1,Cald1,Actn1,Afap1,Svil,Wasf2,Mical2
GO molecular function	ion binding	1.5e-05	54	5440	Prr7,Tpd52,Pard3,Eif4a3l1,Wnk1,Ube2l3,Fgd6,Slit3,Trim11,Zfp366,Ext1,Sirt4,Usp46,Zbtb7a,Svil,Pkn2,Abcd2,Arg1,Pask,Nup153,Fgfr2,Alox12e,Mysm1,Atp8b1,Uba2,L1cam,Lims1,Mlkl,Apcs,Cemip2,Rnf7,P3h2,Car12,Cyp1b1,Fbln2,Snrk,Rarb,Trim71,Gatb,Agfg1,Gnai3,Actn1,Mical2,Ampd3,Smpd3,Popdc2,Aco1,Ube2q1,Adrb2,Tubg2,Myo1d,Znrf3,Nrp1,Zfp462
GO molecular function	protein domain specific binding	2.7e-05	16	837	Myo1d,Pou2af1,Mrtfa,Trim11,Mapt,Lat2,Etv6,Ptpn6,Cadm1,Wasf2,Actn1,Afap1,Cbx3,Gnai3,L1cam,Mpp7
GO molecular function	small molecule binding	4.8e-05	54	5656	Nrp1,Zfp462,Znrf3,Tubg2,Myo1d,Adrb2,Ube2q1,Aco1,Popdc2,Smpd3,Ampd3,Mical2,Actn1,Gnai3,Agfg1,Gatb,Trim71,Rarb,Snrk,Fbln2,Cyp1b1,Car12,P3h2,Rnf7,Cemip2,Apcs,Mlkl,Lims1,L1cam,Uba2,Atp8b1,Mysm1,Alox12e,Fgfr2,Nup153,Pask,Abcd2,Arg1,Pkn2,Svil,Zbtb7a,Usp46,Sirt4,Ext1,Zfp366,Trim11,Slit3,Fgd6,Ube2l3,Eif4a3l1,Wnk1,Pard3,Tpd52,Prr7
GO molecular function	cytoskeletal protein binding	8.8e-05	17	1024	Arhgef7,Mapt,Lmo7,Lrrc10,Phactr1,Myo1d,Mrtfa,Rhag,Svil,Mical2,Wasf2,Afap1,Actn1,Cap1,Cald1,Mapk8ip3,Utrn
GO molecular function	enzyme binding	9.4e-05	29	2393	Mical2,Ube3d,Pkn2,Zbtb7a,Phactr1,Nrp1,Uba2,Atxn10,Adrb2,Israa,Nup153,Mapk8ip3,Pard3,Cap1,Ptpn6,Utrn,Mlkl,Prr7,Lims1,Cbx3,Ppp1r3b,Sorbs1,Rilpl2,Arhgef7,Mapt,Rab3gap2,Wnk1,Ube2l3,Atf6
KEGG pathway	Adherens junction	1.9e-06	7	72	Ptpn6,Pard3,Wasf2,Nectin1,Sorbs1,Actn1,Lmo7
KEGG pathway	Axon guidance	5.9e-04	7	175	Gnai3,Nrp1,Plxna1,Pard3,Slit3,L1cam,Ntn4
KEGG pathway	RNA transport	2.6e-03	6	167	Eif4a3l1,Nup205,Eif4ebp2,Eif1a,Nup153,Eif1b
KEGG pathway	Regulation of lipolysis in adipocytes	1.1e-02	3	55	Abhd5,Adrb2,Gnai3
KEGG pathway	Salmonella infection	2.7e-02	3	78	Pkn2,Cxcl1,Wasf2
KEGG pathway	Ubiquitin mediated proteolysis	2.9e-02	4	140	Rnf7,Ube2q1,Uba2,Ube2l3
KEGG pathway	Rap1 signaling pathway	3.2e-02	5	213	Pard3,Lpar3,Fgfr2,Gnai3,Pgf
KEGG pathway	Polyamine biosynthesis, arginine => ornithine => putrescine	3.3e-02	1	4	Arg1
Reactome	Cell-Cell communication	1.4e-05	7	98	Col17a1,Lims1,Pard3,Nectin1,Cadm1,Ptpn6,Actn1
Reactome	Cell junction organization	1.5e-05	6	66	Cadm1,Nectin1,Pard3,Actn1,Col17a1,Lims1
Reactome	Regulation of cytoskeletal remodeling and cell spreading by IPP complex components	6.5e-04	2	5	Actn1,Lims1
Reactome	Nectin/Necl  trans heterodimerization	9.7e-04	2	6	Cadm1,Nectin1
Reactome	Cell-extracellular matrix interactions	4.1e-03	2	12	Lims1,Actn1
Reactome	SEMA3A-Plexin repulsion signaling by inhibiting Integrin adhesion	5.6e-03	2	14	Nrp1,Plxna1
Reactome	Sema3A PAK dependent Axon repulsion	5.6e-03	2	14	Plxna1,Nrp1
Reactome	Cell-cell junction organization	5.8e-03	3	45	Cadm1,Pard3,Nectin1
WikiPathways	XPodNet - protein-protein interactions in the podocyte expanded by STRING	1.3e-02	16	838	L1cam,Pard3,Arhgef7,Mapt,Fbln2,Ptpn6,Nectin1,Sorbs1,Rarb,Plxna1,Utrn,Mapk8ip3,Ext1,Vangl1,Nrp1,Lims1
WikiPathways	PodNet: protein-protein interactions in the podocyte	1.9e-02	8	315	Pard3,Nrp1,Lims1,Vangl1,Ext1,Mapk8ip3,Utrn,Rarb
WikiPathways	Cytokines and Inflammatory Response	3.4e-02	2	27	Cxcl1,Il11
WikiPathways	Nuclear receptors in lipid metabolism and toxicity	4.1e-02	2	30	Rarb,Abcd2
WikiPathways	Mir302-367 Promoting Cardiomyocyte Proliferation	4.3e-02	1	4	Yap1
WikiPathways	Regulation of Actin Cytoskeleton	7.9e-02	4	151	Actn1,Arhgef7,Fgfr2,Wasf2
WikiPathways	ApoE and miR-146 in inflammation and atherosclerosis	8.3e-02	1	8	Nfkb2
WikiPathways	Spinal Cord Injury	8.9e-02	3	98	Slit3,Arg1,Cxcl1
