GSM8517614,AK_P6,AK,chr4:122885092-122885224,chr1,40041462,40041672,8.5914,2.891414565131778,1.0
GSM8517614,AK_P6,AK,chr4:95001423-95001839,chr1,58727383,58727802,1.3308,1.135126302236589,1.0
GSM8517614,AK_P6,AK,chr3:146249042-146249335,chr1,84856709,84857038,1.1153,0.8526377985905007,1.0
GSM8517614,AK_P6,AK,chr3:108129350-108129582,chr1,109567391,109567606,4.4416,0.7863269338774127,1.0
GSM8517614,AK_P6,AK,chr3:95109336-95109518,chr1,151195346,151195531,4.9647,1.3840888033042082,1.0
GSM8517614,AK_P6,AK,chr1:160100895-160101391,chr1,175132493,175133041,7.1823,1.6008386783791284,1.0
GSM8517614,AK_P6,AK,chr1:135502085-135502511,chr1,201748396,201748860,1.5844,0.3027073134636057,1.0
GSM8517614,AK_P6,AK,chr1:195033892-195034389,chr1,207805734,207806255,6.6827,0.5918096162078477,1.0
GSM8517614,AK_P6,AK,chr11:59011245-59011522,chr1,228361514,228361770,3.6467,2.492074955254793,1.0
GSM8517614,AK_P6,AK,chr8:126827983-126828474,chr1,234959210,234959775,9.3782,0.9636547987439991,1.0
GSM8517614,AK_P6,AK,chr13:5666700-5666887,chr10,3972811,3973017,4.2753,1.236288912377311,1.0
GSM8517614,AK_P6,AK,chr18:5054107-5054403,chr10,29535614,29535979,2.2056,0.39129706555849886,1.0
GSM8517614,AK_P6,AK,chr8:128333266-128333781,chr10,33353046,33353441,1.1427,1.713502213019359,1.0
GSM8517614,AK_P6,AK,chr8:128272824-128273280,chr10,33412733,33413222,1.8390,1.4389817500163198,1.0
GSM8517614,AK_P6,AK,chr14:25519677-25520037,chr10,79142133,79142491,2.1302,1.1973955399830247,1.0
GSM8517614,AK_P6,AK,chr19:37922088-37922629,chr10,93334818,93335414,1.5800,1.4391441195203154,1.0
GSM8517614,AK_P6,AK,chr19:40476591-40476773,chr10,95517557,95517757,3.8825,1.8740649819374084,1.0
GSM8517614,AK_P6,AK,chr19:45651636-45651845,chr10,101686412,101686614,1.4528,0.6797020134359303,1.0
GSM8517614,AK_P6,AK,chr19:46305981-46306113,chr10,102395937,102396072,15.5137,1.32243907628236,1.0
GSM8517614,AK_P6,AK,chr19:47659945-47660457,chr10,104046696,104047295,1.7073,0.8556047727747235,1.0
GSM8517614,AK_P6,AK,chr7:130253879-130254091,chr10,121583317,121583584,8.7583,0.6523942996500137,1.0
GSM8517614,AK_P6,AK,chr7:132800871-132801088,chr10,124731212,124731405,3.9902,0.8442747191443962,1.0
GSM8517614,AK_P6,AK,chr7:111157475-111157671,chr11,10900405,10900598,37.5875,0.8360972240798832,1.0
GSM8517614,AK_P6,AK,chr19:10869187-10870553,chr11,60923592,60925142,20.9098,0.8684966945648194,1.0
GSM8517614,AK_P6,AK,chr9:51180623-51181074,chr11,111419647,111420109,2.5850,1.3279427422847583,1.0
GSM8517614,AK_P6,AK,chr9:43824678-43825217,chr11,119645357,119645862,2.1796,1.9934035022660057,1.0
GSM8517614,AK_P6,AK,chr6:124733025-124733419,chr12,6951016,6951440,4.4715,0.8021070574814418,1.0
GSM8517614,AK_P6,AK,chr6:134100039-134100346,chr12,11713939,11714198,2.6042,0.6283695016588483,1.0
GSM8517614,AK_P6,AK,chr6:135418467-135419007,chr12,13256558,13257018,1.6365,1.8912189136380735,1.0
GSM8517614,AK_P6,AK,chr15:101537799-101538318,chr12,52390857,52391454,1.7364,1.0362457553146274,1.0
GSM8517614,AK_P6,AK,chr10:117023610-117024194,chr12,69655549,69656194,1.1901,0.9108060726823732,1.0
GSM8517614,AK_P6,AK,chr10:98744167-98744570,chr12,89889071,89889456,3.3684,0.6625195052716639,1.0
GSM8517614,AK_P6,AK,chr10:94047812-94048500,chr12,95204103,95205085,17.3477,0.7101315681778971,1.0
GSM8517614,AK_P6,AK,chr10:93617277-93617445,chr12,95808991,95809157,1.0689,1.6958086501403027,1.0
GSM8517614,AK_P6,AK,chr14:76278718-76279791,chr13,44762910,44764119,4.5704,1.0548803370486024,1.0
GSM8517614,AK_P6,AK,chr14:72869238-72869817,chr13,48828894,48829487,5.6979,1.839301492472322,1.0
GSM8517614,AK_P6,AK,chr14:99174184-99174613,chr13,72888444,72888814,1.4687,1.8745980359412528,1.0
GSM8517614,AK_P6,AK,chr14:101783510-101783889,chr13,75701177,75701524,4.1454,1.3990819316776066,1.0
GSM8517614,AK_P6,AK,chr8:11203241-11203791,chr13,110156528,110156933,1.4727,0.43253274272989345,1.0
GSM8517614,AK_P6,AK,chr12:70695061-70695682,chr14,51518656,51519604,7.9359,0.682953314502028,1.0
GSM8517614,AK_P6,AK,chr12:80228641-80229661,chr14,68949525,68951782,60.9156,1.1939333950358786,1.0
GSM8517614,AK_P6,AK,chr12:85192374-85193029,chr14,74972885,74973592,6.6143,2.4372750350407193,1.0
GSM8517614,AK_P6,AK,chr9:70318642-70318950,chr15,59232419,59232718,1.6402,0.5878511348296966,1.0
GSM8517614,AK_P6,AK,chr9:66734699-66735329,chr15,63355697,63357443,2.4675,1.0579815744022323,1.0
GSM8517614,AK_P6,AK,chr7:79288446-79288726,chr15,89105029,89105320,11.5972,0.5389332648405095,1.0
GSM8517614,AK_P6,AK,chr7:66591861-66592396,chr15,100703193,100703682,1.0854,1.104550539472108,1.0
GSM8517614,AK_P6,AK,chr7:118484521-118484941,chr16,19121927,19122164,3.5157,1.5565185871305345,1.0
GSM8517614,AK_P6,AK,chr8:94317236-94317628,chr16,56848031,56849433,1.6001,1.3897541292893905,1.0
GSM8517614,AK_P6,AK,chr8:106363176-106363911,chr16,68474862,68475660,1.9905,0.3401547860083425,1.0
GSM8517614,AK_P6,AK,chr11:70324716-70325314,chr17,6891707,6892171,1.7022,1.1848953327099825,1.0
GSM8517614,AK_P6,AK,chr11:83452531-83452723,chr17,35781484,35781675,1.7580,1.7237886558652549,1.0
GSM8517614,AK_P6,AK,chr11:104278290-104278610,chr17,45949086,45949396,2.1344,1.327436040293786,1.0
GSM8517614,AK_P6,AK,chr11:115185031-115185263,chr17,74773600,74773735,3.6981,1.1617007520463731,1.0
GSM8517614,AK_P6,AK,chr18:64643901-64644235,chr18,57775476,57776110,2.2663,0.9104289695479516,1.0
GSM8517614,AK_P6,AK,chr10:80322869-80323200,chr19,1483055,1483496,25.1581,1.3236322984133178,1.0
GSM8517614,AK_P6,AK,chr10:80936034-80936256,chr19,2488561,2488789,3.5028,1.1983283373870348,1.0
GSM8517614,AK_P6,AK,chr10:81142388-81142818,chr19,4059096,4059658,31.2765,2.1138076701622417,1.0
GSM8517614,AK_P6,AK,chr7:4778206-4778635,chr19,55370526,55370969,1.3921,0.0,1.0
GSM8517614,AK_P6,AK,chr17:79746161-79746372,chr2,38123088,38123290,2.1193,0.505870535822198,1.0
GSM8517614,AK_P6,AK,chr10:58360672-58360969,chr2,108598465,108598683,4.8758,1.1211811695077003,1.0
GSM8517614,AK_P6,AK,chr1:56971496-56971817,chr2,199457718,199458055,8.0556,0.44780865930661956,1.0
GSM8517614,AK_P6,AK,chr1:88237394-88238084,chr2,233799714,233800354,3.9306,1.1367681577801705,1.0
GSM8517614,AK_P6,AK,chr16:17177672-17178061,chr22,21591693,21592082,1.0885,0.37628364915406487,1.0
GSM8517614,AK_P6,AK,chr15:85347002-85347645,chr22,45679410,45680102,8.0252,0.7383371321107611,1.0
GSM8517614,AK_P6,AK,chr6:91226160-91226503,chr3,13563249,13563672,2.0660,0.5475055094869988,1.0
GSM8517614,AK_P6,AK,chr14:16597953-16598722,chr3,25386704,25387723,2.8823,1.5150490045196525,1.0
GSM8517614,AK_P6,AK,chr9:114583859-114584320,chr3,32781105,32781853,1.1884,1.4573715605678406,1.0
GSM8517614,AK_P6,AK,chr9:120507298-120508241,chr3,40333444,40334427,1.4137,0.957652232472312,1.0
GSM8517614,AK_P6,AK,chr9:122180009-122180479,chr3,43387965,43388539,10.4566,1.0440874797541921,1.0
GSM8517614,AK_P6,AK,chr9:122358527-122358718,chr3,43697041,43697151,1.4814,1.0006968980485742,1.0
GSM8517614,AK_P6,AK,chr14:11858117-11858425,chr3,61899542,61899945,2.3556,0.7479614332946891,1.0
GSM8517614,AK_P6,AK,chr16:38396155-38396566,chr3,119629369,119629766,7.8332,0.5078332742455625,1.0
GSM8517614,AK_P6,AK,chr6:116055098-116055290,chr3,129687021,129687229,1.1790,2.1348787190822454,1.0
GSM8517614,AK_P6,AK,chr9:102972308-102972894,chr3,134078281,134078910,1.8752,1.679774279245701,1.0
GSM8517614,AK_P6,AK,chr3:65923298-65923624,chr3,157123005,157123202,17.9562,0.8761987256519685,1.0
GSM8517614,AK_P6,AK,chr16:26065093-26065374,chr3,190077080,190077363,9.2897,1.2881797181422634,1.0
GSM8517614,AK_P6,AK,chr16:29977024-29977391,chr3,194034773,194035149,6.6802,1.4254855993104742,1.0
GSM8517614,AK_P6,AK,chr16:30655650-30656268,chr3,194740761,194741324,1.5489,1.2312731109758042,1.0
GSM8517614,AK_P6,AK,chr16:31526509-31527275,chr3,197434929,197435719,8.7672,0.637007176951517,1.0
GSM8517614,AK_P6,AK,chr5:57755800-57756232,chr4,30754006,30754450,3.4735,0.8726082825445914,1.0
GSM8517614,AK_P6,AK,chr5:77076070-77076249,chr4,56628231,56628426,2.2481,0.47648282051086427,1.0
GSM8517614,AK_P6,AK,chr5:90852689-90853436,chr4,73908845,73909350,1.3611,1.0722891157216365,1.0
GSM8517614,AK_P6,AK,chr3:126832749-126832903,chr4,113467700,113467862,10.2609,3.1295302355730974,1.0
GSM8517614,AK_P6,AK,chr3:84108514-84108974,chr4,153395173,153395477,7.3409,0.5995967199927882,1.0
GSM8517614,AK_P6,AK,chr13:103966432-103966941,chr5,65886077,65886562,3.4083,0.7667087620681095,1.0
GSM8517614,AK_P6,AK,chr13:91311316-91311697,chr5,81893513,81894362,3.0987,1.0000586894431862,1.0
GSM8517614,AK_P6,AK,chr17:62740927-62741563,chr5,107524098,107526394,3.5150,0.9755239881289546,1.0
GSM8517614,AK_P6,AK,chr18:39656832-39657330,chr5,143596054,143596588,2.7951,1.26341441173232,1.0
GSM8517614,AK_P6,AK,chr18:62162157-62162584,chr5,148843701,148844140,1.3461,1.2730429587983325,1.0
GSM8517614,AK_P6,AK,chr11:35668041-35668652,chr5,168702131,168702602,12.9456,1.068440812914741,1.0
GSM8517614,AK_P6,AK,chr13:55465603-55465776,chr5,177448207,177448406,1.2586,0.8525228269735173,1.0
GSM8517614,AK_P6,AK,chr13:40656092-40656646,chr6,10323111,10323703,6.0282,0.9137063311362589,1.0
GSM8517614,AK_P6,AK,chr13:46725299-46725487,chr6,17703377,17703583,3.4828,1.64040540491493,1.0
GSM8517614,AK_P6,AK,chr13:23730548-23730803,chr6,26066040,26066258,1.6925,0.09953987297661808,1.0
GSM8517614,AK_P6,AK,chr17:34121175-34121759,chr6,32969465,32970093,84.9772,0.0,1.0
GSM8517614,AK_P6,AK,chr9:86446986-86447814,chr6,83051891,83052703,2.8208,0.7883509125909195,1.0
GSM8517614,AK_P6,AK,chr10:24397081-24397449,chr6,132192034,132192398,22.5294,1.0839006966286964,1.0
GSM8517614,AK_P6,AK,chr10:12823899-12824162,chr6,144333973,144334267,1.4600,1.2211947437046335,1.0
GSM8517614,AK_P6,AK,chr17:6180347-6180743,chr6,158417654,158418045,3.2353,0.32390611677828346,1.0
GSM8517614,AK_P6,AK,chr11:8544278-8544676,chr7,47432799,47433326,5.9310,1.0335148753884622,1.0
GSM8517614,AK_P6,AK,chr5:134614893-134615106,chr7,74209852,74210083,2.3218,0.0,1.0
GSM8517614,AK_P6,AK,chr6:6588265-6588744,chr7,96723769,96724260,5.6650,0.484938452782796,1.0
GSM8517614,AK_P6,AK,chr6:34608492-34608886,chr7,134790289,134790747,6.5864,0.3346698532718758,1.0
GSM8517614,AK_P6,AK,chr6:34628085-34628478,chr7,134813577,134814025,1.9994,1.6433293273938554,1.0
GSM8517614,AK_P6,AK,chr8:25303767-25304112,chr8,38686866,38687200,1.4013,1.1221946088853711,1.0
GSM8517614,AK_P6,AK,chr1:13231362-13231754,chr8,70223346,70223755,1.9777,0.12733320676901522,1.0
GSM8517614,AK_P6,AK,chr15:53294446-53294892,chr8,118056296,118056790,1.1709,1.4064468323943102,1.0
GSM8517614,AK_P6,AK,chr4:86690154-86690543,chr9,19161602,19161980,4.8989,1.070893899158195,1.0
GSM8517614,AK_P6,AK,chr4:40157940-40158468,chr9,32402768,32403186,1.6348,1.025992419445914,1.0
GSM8517614,AK_P6,AK,chr19:21784220-21784497,chr9,71761189,71761468,2.6738,0.5267599385271791,1.0
GSM8517614,AK_P6,AK,chr19:16284805-16285013,chr9,77849067,77849276,1.1519,0.6182382808347638,1.0
GSM8517614,AK_P6,AK,chr13:51964396-51964815,chr9,89732405,89732841,17.0030,1.2107670335868084,1.0
GSM8517614,AK_P6,AK,chr4:48542299-48542807,chr9,100429304,100429648,3.9069,1.2639037280581717,1.0
GSM8517614,AK_P6,AK,chr4:54949695-54949904,chr9,106864728,106864938,3.9061,0.6801111570426396,1.0
GSM8517614,AK_P6,AK,chr4:56027253-56027634,chr9,108056756,108057141,1.3272,0.6717424015720169,1.0
GSM8517614,AK_P6,AK,chrX:73858882-73859436,chrX,153866480,153866782,1.3881,0.0,1.0
GSM8517614,AK_P6,AK,chr4:122885092-122885224,chr1,40041462,40041672,8.5914,2.891414565131778,1.0
GSM8517615,AK_P7,AK,chr1:135502085-135502511,chr1,201748396,201748860,1.5844,1.1052456918846945,1.0
GSM8517615,AK_P7,AK,chr3:146249042-146249335,chr1,84856709,84857038,1.1153,0.3347126654940898,1.0
GSM8517615,AK_P7,AK,chr4:95001423-95001839,chr1,58727383,58727802,1.3308,0.9480976811599049,1.0
GSM8517615,AK_P7,AK,chr1:160100895-160101391,chr1,175132493,175133041,7.1823,1.732984703170122,1.0
GSM8517615,AK_P7,AK,chr11:59011245-59011522,chr1,228361514,228361770,3.6467,1.8539477763697505,1.0
GSM8517615,AK_P7,AK,chr18:5054107-5054403,chr10,29535614,29535979,2.2056,0.7729502122696131,1.0
GSM8517615,AK_P7,AK,chr3:108129350-108129582,chr1,109567391,109567606,4.4416,1.124909357969151,1.0
GSM8517615,AK_P7,AK,chr8:128272824-128273280,chr10,33412733,33413222,1.8390,1.0166364887496933,1.0
GSM8517615,AK_P7,AK,chr8:126827983-126828474,chr1,234959210,234959775,9.3782,0.7973328079797525,1.0
GSM8517615,AK_P7,AK,chr8:128333266-128333781,chr10,33353046,33353441,1.1427,1.6467969864229612,1.0
GSM8517615,AK_P7,AK,chr13:5666700-5666887,chr10,3972811,3973017,4.2753,2.550230684789639,1.0
GSM8517615,AK_P7,AK,chr19:45651636-45651845,chr10,101686412,101686614,1.4528,2.532024657372201,1.0
GSM8517615,AK_P7,AK,chr19:40476591-40476773,chr10,95517557,95517757,3.8825,1.373091555684805,1.0
GSM8517615,AK_P7,AK,chr19:47659945-47660457,chr10,104046696,104047295,1.7073,0.8215850836446568,1.0
GSM8517615,AK_P7,AK,chr19:37922088-37922629,chr10,93334818,93335414,1.5800,2.1530582772805387,1.0
GSM8517615,AK_P7,AK,chr19:46305981-46306113,chr10,102395937,102396072,15.5137,1.5943391270107694,1.0
GSM8517615,AK_P7,AK,chr7:132800871-132801088,chr10,124731212,124731405,3.9902,0.6436622593686988,1.0
GSM8517615,AK_P7,AK,chr14:25519677-25520037,chr10,79142133,79142491,2.1302,0.8789455539354399,1.0
GSM8517615,AK_P7,AK,chr9:51180623-51181074,chr11,111419647,111420109,2.5850,1.2159113431776756,1.0
GSM8517615,AK_P7,AK,chr7:130253879-130254091,chr10,121583317,121583584,8.7583,0.7652227859595295,1.0
GSM8517615,AK_P7,AK,chr7:111157475-111157671,chr11,10900405,10900598,37.5875,1.2484208444239562,1.0
GSM8517615,AK_P7,AK,chr19:10869187-10870553,chr11,60923592,60925142,20.9098,0.9846551986855845,1.0
GSM8517615,AK_P7,AK,chr6:124733025-124733419,chr12,6951016,6951440,4.4715,0.6138792989670105,1.0
GSM8517615,AK_P7,AK,chr10:117023610-117024194,chr12,69655549,69656194,1.1901,0.7855670377958652,1.0
GSM8517615,AK_P7,AK,chr6:134100039-134100346,chr12,11713939,11714198,2.6042,1.0743583468396691,1.0
GSM8517615,AK_P7,AK,chr1:195033892-195034389,chr1,207805734,207806255,6.6827,0.9284286686646503,1.0
GSM8517615,AK_P7,AK,chr15:101537799-101538318,chr12,52390857,52391454,1.7364,1.3963810473031535,1.0
GSM8517615,AK_P7,AK,chr6:135418467-135419007,chr12,13256558,13257018,1.6365,1.3314959703580194,1.0
GSM8517615,AK_P7,AK,chr10:98744167-98744570,chr12,89889071,89889456,3.3684,0.999321430728033,1.0
GSM8517615,AK_P7,AK,chr14:99174184-99174613,chr13,72888444,72888814,1.4687,1.8300119238930779,1.0
GSM8517615,AK_P7,AK,chr14:101783510-101783889,chr13,75701177,75701524,4.1454,1.5441319873765842,1.0
GSM8517615,AK_P7,AK,chr14:76278718-76279791,chr13,44762910,44764119,4.5704,1.219283226467638,1.0
GSM8517615,AK_P7,AK,chr14:72869238-72869817,chr13,48828894,48829487,5.6979,0.725537259653085,1.0
GSM8517615,AK_P7,AK,chr8:11203241-11203791,chr13,110156528,110156933,1.4727,0.9887359609574448,1.0
GSM8517615,AK_P7,AK,chr10:94047812-94048500,chr12,95204103,95205085,17.3477,0.9531819768204466,1.0
GSM8517615,AK_P7,AK,chr12:85192374-85193029,chr14,74972885,74973592,6.6143,1.9521182964343835,1.0
GSM8517615,AK_P7,AK,chr9:66734699-66735329,chr15,63355697,63357443,2.4675,0.9030499366652924,1.0
GSM8517615,AK_P7,AK,chr12:80228641-80229661,chr14,68949525,68951782,60.9156,1.3636181867909631,1.0
GSM8517615,AK_P7,AK,chr9:70318642-70318950,chr15,59232419,59232718,1.6402,0.27546097243509965,1.0
GSM8517615,AK_P7,AK,chr4:122885092-122885224,chr1,40041462,40041672,8.5914,1.70316167814391,1.0
GSM8517615,AK_P7,AK,chr3:95109336-95109518,chr1,151195346,151195531,4.9647,1.313476795763583,1.0
GSM8517615,AK_P7,AK,chr7:79288446-79288726,chr15,89105029,89105320,11.5972,0.6684921114510277,1.0
GSM8517615,AK_P7,AK,chr12:70695061-70695682,chr14,51518656,51519604,7.9359,1.0430476305856986,1.0
GSM8517615,AK_P7,AK,chr11:70324716-70325314,chr17,6891707,6892171,1.7022,0.96598596286414,1.0
GSM8517615,AK_P7,AK,chr9:43824678-43825217,chr11,119645357,119645862,2.1796,2.1540242322600713,1.0
GSM8517615,AK_P7,AK,chr11:104278290-104278610,chr17,45949086,45949396,2.1344,0.4183462156403449,1.0
GSM8517615,AK_P7,AK,chr7:66591861-66592396,chr15,100703193,100703682,1.0854,1.1213236314021737,1.0
GSM8517615,AK_P7,AK,chr7:118484521-118484941,chr16,19121927,19122164,3.5157,1.3257699862814152,1.0
GSM8517615,AK_P7,AK,chr10:93617277-93617445,chr12,95808991,95809157,1.0689,2.072364810001419,1.0
GSM8517615,AK_P7,AK,chr18:64643901-64644235,chr18,57775476,57776110,2.2663,0.717734205986047,1.0
GSM8517615,AK_P7,AK,chr11:83452531-83452723,chr17,35781484,35781675,1.7580,0.3871440965467723,1.0
GSM8517615,AK_P7,AK,chr7:4778206-4778635,chr19,55370526,55370969,1.3921,0.0,1.0
GSM8517615,AK_P7,AK,chr8:94317236-94317628,chr16,56848031,56849433,1.6001,1.345331443518868,1.0
GSM8517615,AK_P7,AK,chr10:80322869-80323200,chr19,1483055,1483496,25.1581,1.6282513078783645,1.0
GSM8517615,AK_P7,AK,chr8:106363176-106363911,chr16,68474862,68475660,1.9905,0.7224818688810319,1.0
GSM8517615,AK_P7,AK,chr10:58360672-58360969,chr2,108598465,108598683,4.8758,0.7107440305685778,1.0
GSM8517615,AK_P7,AK,chr11:115185031-115185263,chr17,74773600,74773735,3.6981,0.3117890330376448,1.0
GSM8517615,AK_P7,AK,chr10:80936034-80936256,chr19,2488561,2488789,3.5028,1.6764737780679737,1.0
GSM8517615,AK_P7,AK,chr15:85347002-85347645,chr22,45679410,45680102,8.0252,1.2211212888790692,1.0
GSM8517615,AK_P7,AK,chr17:79746161-79746372,chr2,38123088,38123290,2.1193,0.8853070067592187,1.0
GSM8517615,AK_P7,AK,chr9:114583859-114584320,chr3,32781105,32781853,1.1884,1.3353223902656433,1.0
GSM8517615,AK_P7,AK,chr1:88237394-88238084,chr2,233799714,233800354,3.9306,0.797748013259843,1.0
GSM8517615,AK_P7,AK,chr9:122180009-122180479,chr3,43387965,43388539,10.4566,0.9790566052190103,1.0
GSM8517615,AK_P7,AK,chr14:16597953-16598722,chr3,25386704,25387723,2.8823,0.9918074221793522,1.0
GSM8517615,AK_P7,AK,chr14:11858117-11858425,chr3,61899542,61899945,2.3556,1.0258239035496937,1.0
GSM8517615,AK_P7,AK,chr6:91226160-91226503,chr3,13563249,13563672,2.0660,0.7906782684878536,1.0
GSM8517615,AK_P7,AK,chr9:120507298-120508241,chr3,40333444,40334427,1.4137,0.8681928378549743,1.0
GSM8517615,AK_P7,AK,chr6:116055098-116055290,chr3,129687021,129687229,1.1790,2.799174664112238,1.0
GSM8517615,AK_P7,AK,chr9:122358527-122358718,chr3,43697041,43697151,1.4814,1.1727721214294433,1.0
GSM8517615,AK_P7,AK,chr1:56971496-56971817,chr2,199457718,199458055,8.0556,0.6211276809610315,1.0
GSM8517615,AK_P7,AK,chr16:26065093-26065374,chr3,190077080,190077363,9.2897,0.44218019756748483,1.0
GSM8517615,AK_P7,AK,chr16:31526509-31527275,chr3,197434929,197435719,8.7672,1.041127639405335,1.0
GSM8517615,AK_P7,AK,chr16:38396155-38396566,chr3,119629369,119629766,7.8332,0.6607873926234786,1.0
GSM8517615,AK_P7,AK,chr10:81142388-81142818,chr19,4059096,4059658,31.2765,2.91162923985953,1.0
GSM8517615,AK_P7,AK,chr5:57755800-57756232,chr4,30754006,30754450,3.4735,0.5964759311026281,1.0
GSM8517615,AK_P7,AK,chr5:90852689-90853436,chr4,73908845,73909350,1.3611,1.297548513601322,1.0
GSM8517615,AK_P7,AK,chr5:77076070-77076249,chr4,56628231,56628426,2.2481,1.0209312454248085,1.0
GSM8517615,AK_P7,AK,chr3:126832749-126832903,chr4,113467700,113467862,10.2609,0.5224571450624937,1.0
GSM8517615,AK_P7,AK,chr13:103966432-103966941,chr5,65886077,65886562,3.4083,0.4780299755715832,1.0
GSM8517615,AK_P7,AK,chr3:84108514-84108974,chr4,153395173,153395477,7.3409,0.7312136070410672,1.0
GSM8517615,AK_P7,AK,chr13:91311316-91311697,chr5,81893513,81894362,3.0987,1.3407432020623216,1.0
GSM8517615,AK_P7,AK,chr17:62740927-62741563,chr5,107524098,107526394,3.5150,0.8900695891875631,1.0
GSM8517615,AK_P7,AK,chr18:39656832-39657330,chr5,143596054,143596588,2.7951,1.9403252298019351,1.0
GSM8517615,AK_P7,AK,chr18:62162157-62162584,chr5,148843701,148844140,1.3461,2.539017615394332,1.0
GSM8517615,AK_P7,AK,chr11:35668041-35668652,chr5,168702131,168702602,12.9456,1.0477596179694886,1.0
GSM8517615,AK_P7,AK,chr13:46725299-46725487,chr6,17703377,17703583,3.4828,0.7521470607195085,1.0
GSM8517615,AK_P7,AK,chr16:30655650-30656268,chr3,194740761,194741324,1.5489,1.7401573156167094,1.0
GSM8517615,AK_P7,AK,chr16:17177672-17178061,chr22,21591693,21592082,1.0885,0.037432842205606574,1.0
GSM8517615,AK_P7,AK,chr13:55465603-55465776,chr5,177448207,177448406,1.2586,1.3011042221107674,1.0
GSM8517615,AK_P7,AK,chr13:23730548-23730803,chr6,26066040,26066258,1.6925,1.1376089590405105,1.0
GSM8517615,AK_P7,AK,chr13:40656092-40656646,chr6,10323111,10323703,6.0282,0.9884896303803937,1.0
GSM8517615,AK_P7,AK,chr10:12823899-12824162,chr6,144333973,144334267,1.4600,2.06394787588898,1.0
GSM8517615,AK_P7,AK,chr3:65923298-65923624,chr3,157123005,157123202,17.9562,1.489863609299442,1.0
GSM8517615,AK_P7,AK,chr11:8544278-8544676,chr7,47432799,47433326,5.9310,1.5261651388664625,1.0
GSM8517615,AK_P7,AK,chr17:6180347-6180743,chr6,158417654,158418045,3.2353,1.1108410451418298,1.0
GSM8517615,AK_P7,AK,chr10:24397081-24397449,chr6,132192034,132192398,22.5294,1.1988640028041797,1.0
GSM8517615,AK_P7,AK,chr6:6588265-6588744,chr7,96723769,96724260,5.6650,1.602846921097237,1.0
GSM8517615,AK_P7,AK,chr6:34608492-34608886,chr7,134790289,134790747,6.5864,0.461998242901142,1.0
GSM8517615,AK_P7,AK,chr8:25303767-25304112,chr8,38686866,38687200,1.4013,1.6730355709612728,1.0
GSM8517615,AK_P7,AK,chr9:102972308-102972894,chr3,134078281,134078910,1.8752,2.260024538100808,1.0
GSM8517615,AK_P7,AK,chr15:53294446-53294892,chr8,118056296,118056790,1.1709,2.5709037578057665,1.0
GSM8517615,AK_P7,AK,chr5:134614893-134615106,chr7,74209852,74210083,2.3218,0.7859837254146477,1.0
GSM8517615,AK_P7,AK,chr6:34628085-34628478,chr7,134813577,134814025,1.9994,1.6454693653753825,1.0
GSM8517615,AK_P7,AK,chr4:40157940-40158468,chr9,32402768,32403186,1.6348,0.9470993096463418,1.0
GSM8517615,AK_P7,AK,chr1:13231362-13231754,chr8,70223346,70223755,1.9777,0.36937481514690557,1.0
GSM8517615,AK_P7,AK,chr13:51964396-51964815,chr9,89732405,89732841,17.0030,1.8321771708855388,1.0
GSM8517615,AK_P7,AK,chr19:21784220-21784497,chr9,71761189,71761468,2.6738,0.5806288474563203,1.0
GSM8517615,AK_P7,AK,chr4:54949695-54949904,chr9,106864728,106864938,3.9061,1.6511596268131619,1.0
GSM8517615,AK_P7,AK,chr4:48542299-48542807,chr9,100429304,100429648,3.9069,1.312217732328315,1.0
GSM8517615,AK_P7,AK,chr9:86446986-86447814,chr6,83051891,83052703,2.8208,1.5497808620480482,1.0
GSM8517615,AK_P7,AK,chr4:86690154-86690543,chr9,19161602,19161980,4.8989,1.6143191157194672,1.0
GSM8517615,AK_P7,AK,chr19:16284805-16285013,chr9,77849067,77849276,1.1519,1.3781940999783968,1.0
GSM8517615,AK_P7,AK,chrX:73858882-73859436,chrX,153866480,153866782,1.3881,0.0,1.0
GSM8517615,AK_P7,AK,chr4:56027253-56027634,chr9,108056756,108057141,1.3272,1.048963101575901,1.0
GSM8517615,AK_P7,AK,chr17:34121175-34121759,chr6,32969465,32970093,84.9772,0.0,1.0
GSM8517615,AK_P7,AK,chr16:29977024-29977391,chr3,194034773,194035149,6.6802,2.102153892529772,1.0
GSM8517616,AK_P8,AK,chr1:195033892-195034389,chr1,207805734,207806255,6.6827,0.9343815567168531,1.0
GSM8517616,AK_P8,AK,chr3:108129350-108129582,chr1,109567391,109567606,4.4416,1.5282130664171174,1.0
GSM8517616,AK_P8,AK,chr1:135502085-135502511,chr1,201748396,201748860,1.5844,0.6560799669602821,1.0
GSM8517616,AK_P8,AK,chr3:146249042-146249335,chr1,84856709,84857038,1.1153,0.713556267841971,1.0
GSM8517616,AK_P8,AK,chr4:95001423-95001839,chr1,58727383,58727802,1.3308,0.7670352520834575,1.0
GSM8517616,AK_P8,AK,chr4:122885092-122885224,chr1,40041462,40041672,8.5914,2.1752142031987507,1.0
GSM8517616,AK_P8,AK,chr11:59011245-59011522,chr1,228361514,228361770,3.6467,5.623266637325287,1.0
GSM8517616,AK_P8,AK,chr13:5666700-5666887,chr10,3972811,3973017,4.2753,0.9344980890311084,1.0
GSM8517616,AK_P8,AK,chr18:5054107-5054403,chr10,29535614,29535979,2.2056,0.8823037709275338,1.0
GSM8517616,AK_P8,AK,chr1:160100895-160101391,chr1,175132493,175133041,7.1823,1.5287023418902481,1.0
GSM8517616,AK_P8,AK,chr8:128333266-128333781,chr10,33353046,33353441,1.1427,0.9173074594781369,1.0
GSM8517616,AK_P8,AK,chr8:126827983-126828474,chr1,234959210,234959775,9.3782,1.3051295354303005,1.0
GSM8517616,AK_P8,AK,chr14:25519677-25520037,chr10,79142133,79142491,2.1302,0.6106394998854099,1.0
GSM8517616,AK_P8,AK,chr19:37922088-37922629,chr10,93334818,93335414,1.5800,1.8815965678467848,1.0
GSM8517616,AK_P8,AK,chr19:40476591-40476773,chr10,95517557,95517757,3.8825,0.8034702642261982,1.0
GSM8517616,AK_P8,AK,chr19:46305981-46306113,chr10,102395937,102396072,15.5137,1.9963611991317183,1.0
GSM8517616,AK_P8,AK,chr19:47659945-47660457,chr10,104046696,104047295,1.7073,0.6332274819654296,1.0
GSM8517616,AK_P8,AK,chr7:130253879-130254091,chr10,121583317,121583584,8.7583,0.6433991468354557,1.0
GSM8517616,AK_P8,AK,chr7:132800871-132801088,chr10,124731212,124731405,3.9902,1.35415379093101,1.0
GSM8517616,AK_P8,AK,chr8:128272824-128273280,chr10,33412733,33413222,1.8390,1.212381889361789,1.0
GSM8517616,AK_P8,AK,chr7:111157475-111157671,chr11,10900405,10900598,37.5875,1.070138315153863,1.0
GSM8517616,AK_P8,AK,chr19:10869187-10870553,chr11,60923592,60925142,20.9098,0.859700915563491,1.0
GSM8517616,AK_P8,AK,chr9:43824678-43825217,chr11,119645357,119645862,2.1796,1.3364653341840989,1.0
GSM8517616,AK_P8,AK,chr6:124733025-124733419,chr12,6951016,6951440,4.4715,0.7033537638215523,1.0
GSM8517616,AK_P8,AK,chr6:135418467-135419007,chr12,13256558,13257018,1.6365,1.8271800041198731,1.0
GSM8517616,AK_P8,AK,chr15:101537799-101538318,chr12,52390857,52391454,1.7364,1.2589461349163023,1.0
GSM8517616,AK_P8,AK,chr10:94047812-94048500,chr12,95204103,95205085,17.3477,0.6693436641344713,1.0
GSM8517616,AK_P8,AK,chr10:117023610-117024194,chr12,69655549,69656194,1.1901,0.4949877909911695,1.0
GSM8517616,AK_P8,AK,chr3:95109336-95109518,chr1,151195346,151195531,4.9647,1.07055936826242,1.0
GSM8517616,AK_P8,AK,chr9:51180623-51181074,chr11,111419647,111420109,2.5850,1.8771826859031404,1.0
GSM8517616,AK_P8,AK,chr14:72869238-72869817,chr13,48828894,48829487,5.6979,1.4093964742166798,1.0
GSM8517616,AK_P8,AK,chr14:99174184-99174613,chr13,72888444,72888814,1.4687,1.3051276852955689,1.0
GSM8517616,AK_P8,AK,chr10:93617277-93617445,chr12,95808991,95809157,1.0689,1.5881678250180669,1.0
GSM8517616,AK_P8,AK,chr14:76278718-76279791,chr13,44762910,44764119,4.5704,0.942683385708196,1.0
GSM8517616,AK_P8,AK,chr14:101783510-101783889,chr13,75701177,75701524,4.1454,1.2411881346867477,1.0
GSM8517616,AK_P8,AK,chr6:134100039-134100346,chr12,11713939,11714198,2.6042,0.8950721563979925,1.0
GSM8517616,AK_P8,AK,chr8:11203241-11203791,chr13,110156528,110156933,1.4727,0.5232596517345052,1.0
GSM8517616,AK_P8,AK,chr12:70695061-70695682,chr14,51518656,51519604,7.9359,0.6412065450400742,1.0
GSM8517616,AK_P8,AK,chr9:70318642-70318950,chr15,59232419,59232718,1.6402,0.6765718623547251,1.0
GSM8517616,AK_P8,AK,chr7:79288446-79288726,chr15,89105029,89105320,11.5972,0.5426822327256612,1.0
GSM8517616,AK_P8,AK,chr7:66591861-66592396,chr15,100703193,100703682,1.0854,1.4185602403491553,1.0
GSM8517616,AK_P8,AK,chr12:85192374-85193029,chr14,74972885,74973592,6.6143,1.812319123761826,1.0
GSM8517616,AK_P8,AK,chr8:106363176-106363911,chr16,68474862,68475660,1.9905,0.31606012758306395,1.0
GSM8517616,AK_P8,AK,chr19:45651636-45651845,chr10,101686412,101686614,1.4528,1.427887797945797,1.0
GSM8517616,AK_P8,AK,chr8:94317236-94317628,chr16,56848031,56849433,1.6001,0.961857877193436,1.0
GSM8517616,AK_P8,AK,chr7:118484521-118484941,chr16,19121927,19122164,3.5157,1.3078830224552236,1.0
GSM8517616,AK_P8,AK,chr11:83452531-83452723,chr17,35781484,35781675,1.7580,1.155653804384601,1.0
GSM8517616,AK_P8,AK,chr12:80228641-80229661,chr14,68949525,68951782,60.9156,1.8358962545893496,1.0
GSM8517616,AK_P8,AK,chr11:115185031-115185263,chr17,74773600,74773735,3.6981,0.042295814112380696,1.0
GSM8517616,AK_P8,AK,chr10:80322869-80323200,chr19,1483055,1483496,25.1581,1.8441226183692343,1.0
GSM8517616,AK_P8,AK,chr9:66734699-66735329,chr15,63355697,63357443,2.4675,0.5934187151141729,1.0
GSM8517616,AK_P8,AK,chr11:70324716-70325314,chr17,6891707,6892171,1.7022,0.5868158130424803,1.0
GSM8517616,AK_P8,AK,chr7:4778206-4778635,chr19,55370526,55370969,1.3921,0.0,1.0
GSM8517616,AK_P8,AK,chr18:64643901-64644235,chr18,57775476,57776110,2.2663,0.7544630285975309,1.0
GSM8517616,AK_P8,AK,chr10:81142388-81142818,chr19,4059096,4059658,31.2765,4.623685718855399,1.0
GSM8517616,AK_P8,AK,chr10:58360672-58360969,chr2,108598465,108598683,4.8758,0.725903290810935,1.0
GSM8517616,AK_P8,AK,chr1:56971496-56971817,chr2,199457718,199458055,8.0556,0.8684723939669239,1.0
GSM8517616,AK_P8,AK,chr16:17177672-17178061,chr22,21591693,21592082,1.0885,1.9996302182233119,1.0
GSM8517616,AK_P8,AK,chr10:98744167-98744570,chr12,89889071,89889456,3.3684,1.1301229210643025,1.0
GSM8517616,AK_P8,AK,chr6:91226160-91226503,chr3,13563249,13563672,2.0660,1.5882145145965243,1.0
GSM8517616,AK_P8,AK,chr15:85347002-85347645,chr22,45679410,45680102,8.0252,0.7732699084488642,1.0
GSM8517616,AK_P8,AK,chr1:88237394-88238084,chr2,233799714,233800354,3.9306,0.8993152871727943,1.0
GSM8517616,AK_P8,AK,chr9:120507298-120508241,chr3,40333444,40334427,1.4137,0.455400717009848,1.0
GSM8517616,AK_P8,AK,chr10:80936034-80936256,chr19,2488561,2488789,3.5028,2.6381633501303825,1.0
GSM8517616,AK_P8,AK,chr14:16597953-16598722,chr3,25386704,25387723,2.8823,0.9677996686033693,1.0
GSM8517616,AK_P8,AK,chr11:104278290-104278610,chr17,45949086,45949396,2.1344,0.898855387010882,1.0
GSM8517616,AK_P8,AK,chr9:122180009-122180479,chr3,43387965,43388539,10.4566,0.8577690456802421,1.0
GSM8517616,AK_P8,AK,chr14:11858117-11858425,chr3,61899542,61899945,2.3556,0.8355421417995954,1.0
GSM8517616,AK_P8,AK,chr6:116055098-116055290,chr3,129687021,129687229,1.1790,1.0510051644478853,1.0
GSM8517616,AK_P8,AK,chr3:65923298-65923624,chr3,157123005,157123202,17.9562,1.2628957275206667,1.0
GSM8517616,AK_P8,AK,chr9:114583859-114584320,chr3,32781105,32781853,1.1884,0.9103621356388464,1.0
GSM8517616,AK_P8,AK,chr9:122358527-122358718,chr3,43697041,43697151,1.4814,0.8290529023517262,1.0
GSM8517616,AK_P8,AK,chr16:26065093-26065374,chr3,190077080,190077363,9.2897,0.5551405757033783,1.0
GSM8517616,AK_P8,AK,chr16:30655650-30656268,chr3,194740761,194741324,1.5489,1.3935083975588662,1.0
GSM8517616,AK_P8,AK,chr16:29977024-29977391,chr3,194034773,194035149,6.6802,1.4903980075044836,1.0
GSM8517616,AK_P8,AK,chr9:102972308-102972894,chr3,134078281,134078910,1.8752,2.8558762065935968,1.0
GSM8517616,AK_P8,AK,chr16:38396155-38396566,chr3,119629369,119629766,7.8332,0.8017335986010073,1.0
GSM8517616,AK_P8,AK,chr5:77076070-77076249,chr4,56628231,56628426,2.2481,0.7621612874361184,1.0
GSM8517616,AK_P8,AK,chr5:90852689-90853436,chr4,73908845,73909350,1.3611,1.2469792150624908,1.0
GSM8517616,AK_P8,AK,chr5:57755800-57756232,chr4,30754006,30754450,3.4735,1.1655032978401527,1.0
GSM8517616,AK_P8,AK,chr17:79746161-79746372,chr2,38123088,38123290,2.1193,1.3729692827356923,1.0
GSM8517616,AK_P8,AK,chr3:126832749-126832903,chr4,113467700,113467862,10.2609,0.9264797583038424,1.0
GSM8517616,AK_P8,AK,chr13:91311316-91311697,chr5,81893513,81894362,3.0987,1.3122385684115587,1.0
GSM8517616,AK_P8,AK,chr17:62740927-62741563,chr5,107524098,107526394,3.5150,1.1360186659682296,1.0
GSM8517616,AK_P8,AK,chr11:35668041-35668652,chr5,168702131,168702602,12.9456,1.3737100496919799,1.0
GSM8517616,AK_P8,AK,chr18:39656832-39657330,chr5,143596054,143596588,2.7951,0.7319963698306781,1.0
GSM8517616,AK_P8,AK,chr13:40656092-40656646,chr6,10323111,10323703,6.0282,0.739646187404523,1.0
GSM8517616,AK_P8,AK,chr17:34121175-34121759,chr6,32969465,32970093,84.9772,0.0,1.0
GSM8517616,AK_P8,AK,chr13:55465603-55465776,chr5,177448207,177448406,1.2586,0.7452018567964659,1.0
GSM8517616,AK_P8,AK,chr13:46725299-46725487,chr6,17703377,17703583,3.4828,0.9075715210541938,1.0
GSM8517616,AK_P8,AK,chr16:31526509-31527275,chr3,197434929,197435719,8.7672,0.9094599686468704,1.0
GSM8517616,AK_P8,AK,chr9:86446986-86447814,chr6,83051891,83052703,2.8208,1.146809511473907,1.0
GSM8517616,AK_P8,AK,chr18:62162157-62162584,chr5,148843701,148844140,1.3461,2.1275213910669835,1.0
GSM8517616,AK_P8,AK,chr13:23730548-23730803,chr6,26066040,26066258,1.6925,1.3844549174702496,1.0
GSM8517616,AK_P8,AK,chr13:103966432-103966941,chr5,65886077,65886562,3.4083,0.7988866475439563,1.0
GSM8517616,AK_P8,AK,chr11:8544278-8544676,chr7,47432799,47433326,5.9310,2.0047462075326656,1.0
GSM8517616,AK_P8,AK,chr10:12823899-12824162,chr6,144333973,144334267,1.4600,2.0259455756670763,1.0
GSM8517616,AK_P8,AK,chr10:24397081-24397449,chr6,132192034,132192398,22.5294,1.0622101750347641,1.0
GSM8517616,AK_P8,AK,chr6:34628085-34628478,chr7,134813577,134814025,1.9994,1.9857330308961016,1.0
GSM8517616,AK_P8,AK,chr17:6180347-6180743,chr6,158417654,158418045,3.2353,1.0610432260481597,1.0
GSM8517616,AK_P8,AK,chr3:84108514-84108974,chr4,153395173,153395477,7.3409,0.12396569202016842,1.0
GSM8517616,AK_P8,AK,chr4:86690154-86690543,chr9,19161602,19161980,4.8989,3.2800856380866317,1.0
GSM8517616,AK_P8,AK,chr1:13231362-13231754,chr8,70223346,70223755,1.9777,0.0,1.0
