sample,age,ncells,mfrac
Adult_Female_1,Adult,751,3.377816968731659
Adult_Female_2,Adult,723,3.49649920281299
Adult_Female_4,Adult,7,4.565844906485905
Adult_Male_1,Adult,1282,3.7484591707094586
Adult_Male_2,Adult,688,3.6098335292521937
Adult_Male_3,Adult,19,3.5275578017389377
Adult_Male_4,Adult,4,7.785671649001677
Aged_Female_1,Aged,1382,3.5247095864256996
Aged_Female_2,Aged,314,3.4951392916738246
Aged_Female_3,Aged,1,0.0
Aged_Female_4,Aged,12,1.2153777695609302
Aged_Male_1,Aged,818,3.2927068679831595
Aged_Male_2,Aged,357,3.6457612289629697
Young_Female_1,Young,1814,3.231021592715719
Young_Female_2,Young,614,2.9395479969011675
Young_Female_3,Young,1,0.0
Young_Female_4,Young,23,2.849111091582076
Young_Male_1,Young,1842,3.3034195218091638
Young_Male_2,Young,655,3.1764710568454118
Young_Male_3,Young,5,1.3304335317460318
Young_Male_4,Young,14,1.300093602033328
