chrom,start,end,gene,Young_CPM,Adult_CPM,Aged_CPM,log2FC_Aged_vs_Young
chr15,75326513,75327014,Ly6f,1.57,5.52,6.04,+1.453
chr10,24397108,24397609,Moxd1,0.46,1.84,2.15,+1.114
chr17,40824519,40825020,Rhag,1.01,1.45,2.99,+0.985
chr3,102187332,102187833,Vangl1,0.61,2.04,2.08,+0.939
chr9,122180061,122180562,Snrk,1.11,2.10,2.71,+0.810
chr17,88106384,88106885,Gm4832,1.17,4.99,2.78,+0.803
chr7,145089388,145089889,Smim38,0.81,2.69,2.08,+0.768
chr17,79746048,79746549,Cyp1b1,1.77,2.83,3.61,+0.733
chr12,99942430,99942931,Kcnk13,0.86,2.04,2.08,+0.728
chr17,88105852,88106353,Gm4832,0.46,0.92,1.39,+0.714
chr9,78595681,78596182,Slc17a5,0.91,1.18,2.08,+0.689
chr6,134099914,134100415,Etv6,0.61,0.99,1.53,+0.652
chr13,40655971,40656472,Gm26688,0.76,1.91,1.74,+0.636
chr14,47303751,47304252,Mapk1ip1l,0.51,0.66,1.32,+0.622
chr1,13231362,13231863,Prdm14,0.56,1.64,1.39,+0.617
chr10,24973323,24973824,Arg1,0.61,0.99,1.46,+0.612
chr12,85192689,85193190,Pgf,1.93,2.96,3.47,+0.612
chr19,32416621,32417122,Sgms1os1,0.30,0.39,0.97,+0.597
chr8,11203050,11203551,Col4a2,0.41,1.12,1.11,+0.587
chr19,10868755,10869256,Tmem132a,3.85,5.32,6.25,+0.579
chr12,99943151,99943652,Kcnk13,0.05,0.26,0.56,+0.566
chr6,119864608,119865109,3110021A11Rik,5.47,8.74,8.47,+0.549
chr7,43785198,43785699,Klk10,3.29,4.34,5.14,+0.516
chr1,89804907,89805408,4933400F21Rik,2.38,3.35,3.82,+0.511
chr6,124732907,124733408,Ptpn6,1.67,2.56,2.78,+0.499
chr13,43032333,43032834,Phactr1,1.77,1.77,2.92,+0.498
chr8,128333242,128333743,Nrp1,0.25,0.53,0.76,+0.493
chr7,143025962,143026463,Tspan32,2.63,3.29,4.10,+0.488
chr4,86690014,86690515,Plin2,0.86,1.77,1.60,+0.480
chr14,25519649,25520150,Mir3075,1.11,1.58,1.94,+0.477
chr9,120507358,120507859,Eif1b,1.67,3.55,2.71,+0.473
chr13,81691536,81692037,Polr3g,2.63,2.43,3.96,+0.448
chr16,65818749,65819250,Vgll3,1.22,0.59,2.01,+0.443
chr14,101783310,101783811,Lmo7,1.06,1.12,1.80,+0.443
chr15,91255252,91255753,Abcd2,0.61,1.25,1.18,+0.439
chr9,51180575,51181076,Pou2af1,0.56,1.91,1.11,+0.439
chr9,120507881,120508382,Eif1b,0.46,1.25,0.97,+0.438
chr11,115184887,115185388,Nat9,0.35,1.31,0.83,+0.436
chr9,47607436,47607937,Cadm1,0.25,0.33,0.69,+0.435
chr17,27039388,27039889,Ggnbp1,5.98,6.18,8.40,+0.430
chr9,86447323,86447824,Ube3d,1.87,3.09,2.85,+0.420
chr16,30655689,30656190,Fam43a,1.22,1.51,1.94,+0.410
chr12,70694993,70695494,Frmd6,2.33,3.94,3.40,+0.402
chr5,24689875,24690376,Nub1,7.90,9.13,10.76,+0.401
chr19,21784213,21784714,Cemip2,0.66,0.99,1.18,+0.394
chr18,64643614,64644115,Atp8b1,1.87,2.04,2.78,+0.394
chr1,172870270,172870771,Apcs,1.57,2.30,2.36,+0.386
chr14,72869225,72869726,Gm9199,0.35,0.39,0.76,+0.381
chr4,40157579,40158080,Aco1,0.30,0.99,0.69,+0.378
chr11,115741024,115741525,Tmem94,0.86,2.63,1.39,+0.360
chr6,116054955,116055456,Tmcc1,0.81,0.59,1.32,+0.357
chr17,24948065,24948566,Mapk8ip3,0.71,1.31,1.18,+0.351
chr11,104278163,104278664,Mapt,1.32,1.25,1.94,+0.345
chr10,12876366,12876867,Utrn,1.32,1.77,1.94,+0.345
chr7,132800839,132801340,Fam53b,1.87,1.97,2.64,+0.340
chr17,31993298,31993799,Hsf2bp,1.72,1.64,2.43,+0.333
chr18,5054033,5054534,Svil,0.96,1.31,1.46,+0.325
chr6,135418462,135418963,Emp1,0.30,0.85,0.62,+0.317
chr6,136309431,136309932,Eif4a3l1,1.98,2.89,2.71,+0.317
chr8,106363695,106364196,Smpd3,0.81,0.66,1.25,+0.313
chr8,94317613,94318114,Mir138-2,1.72,2.43,2.36,+0.304
chr8,111337264,111337765,Mlkl,2.69,3.68,3.54,+0.301
chr15,53294703,53295204,Ext1,2.03,1.64,2.71,+0.293
chr1,82879129,82879630,Agfg1,0.51,0.72,0.83,+0.283
chr1,195033904,195034405,Mir29b-2,1.32,2.04,1.80,+0.276
chr1,170767001,170767502,Gm29733,3.45,3.09,4.37,+0.274
chr8,106363050,106363551,Smpd3,1.72,1.91,2.29,+0.273
chr9,65529569,65530070,Ankdd1a,0.86,1.51,1.25,+0.273
chr5,90853138,90853639,Cxcl1,1.67,3.22,2.22,+0.270
chr6,89414066,89414567,Plxna1,0.81,0.85,1.18,+0.268
chr7,143025393,143025894,Tspan32,4.46,6.31,5.55,+0.264
chr4,95001347,95001848,Mysm1,0.71,1.51,1.04,+0.256
chr3,89795758,89796259,Ube2q1,2.23,2.17,2.85,+0.252
chr18,62162051,62162552,Adrb2,1.42,1.91,1.87,+0.249
chr4,133127878,133128379,Wasf2,2.43,3.22,3.05,+0.241
chr6,86610591,86611092,Asprv1,1.32,0.66,1.74,+0.239
chr10,27063638,27064139,Arhgap18,7.09,7.56,8.54,+0.237
chr4,56027223,56027724,Klf4,6.33,7.16,7.64,+0.236
chr14,11858091,11858592,Ptprg,0.91,1.25,1.25,+0.235
chr6,119992929,119993430,Mir706,0.86,1.18,1.18,+0.228
chr19,16316675,16317176,Mir496b,0.51,0.39,0.76,+0.227
chr16,38396052,38396553,Popdc2,0.46,0.72,0.69,+0.219
chr1,107594549,107595050,Serpinb8,1.72,2.43,2.15,+0.211
chr10,24972814,24973315,Arg1,1.06,2.10,1.39,+0.211
chr1,135502130,135502631,Mir1231,5.83,7.36,6.87,+0.206
chr12,24539867,24540368,Grhl1,1.01,0.99,1.32,+0.204
chr3,65923204,65923705,Ccnl1,6.38,7.69,7.50,+0.203
chr11,4700687,4701188,Uqcr10,4.66,4.86,5.48,+0.196
chr13,103966697,103967198,Erbin,2.74,4.86,3.26,+0.190
chr16,31526342,31526843,Gm536,0.91,1.31,1.18,+0.189
chr10,93617105,93617606,Ntn4,1.17,1.38,1.46,+0.183
chr11,83452460,83452961,Mmp28,2.03,4.34,2.43,+0.180
chr9,66734543,66735044,Car12,3.75,5.13,4.37,+0.178
chr13,51964251,51964752,Gadd45g,1.11,1.91,1.39,+0.176
chr4,4021469,4021970,Sdr16c5,2.23,2.10,2.64,+0.172
chr16,26065032,26065533,P3h2,1.37,0.46,1.67,+0.171
chr3,108128934,108129435,Gnai3,1.06,1.18,1.32,+0.168
chr8,11203635,11204136,Col4a2,0.20,0.85,0.35,+0.164
chr6,51485638,51486139,Cbx3,0.46,1.05,0.62,+0.158
chr9,102972309,102972810,Slco2a1,4.41,5.59,5.00,+0.150
chr8,126828024,126828525,A630001O12Rik,4.56,6.18,5.14,+0.143
chr5,29309172,29309673,Lmbr1,0.35,0.79,0.49,+0.133
chr4,40158146,40158647,Aco1,0.86,1.38,1.04,+0.133
chr19,29368566,29369067,Cd274,0.86,1.05,1.04,+0.133
chr5,115492924,115493425,Sirt4,9.68,10.38,10.69,+0.131
chr17,34120801,34121302,Brd2,16.16,15.90,17.63,+0.119
chr10,12823661,12824162,Utrn,1.27,0.85,1.46,+0.117
chr9,114583714,114584215,Trim71,2.69,2.10,2.99,+0.113
chr13,91311205,91311706,A830009L08Rik,4.26,4.53,4.65,+0.105
chr11,80718946,80719447,Myo1d,0.25,0.39,0.35,+0.104
chr18,64644158,64644659,Atp8b1,0.91,0.92,1.04,+0.094
chr8,25303643,25304144,5430421F17Rik,0.41,0.33,0.49,+0.080
chr1,86438431,86438932,Tex44,10.13,10.19,10.76,+0.079
chr5,29688289,29688790,Dnajb6,3.24,2.69,3.47,+0.076
chr11,70324944,70325445,Alox12e,0.61,1.12,0.69,+0.075
chr10,77430526,77431027,Gm17769,1.47,3.22,1.60,+0.073
chr3,95109173,95109674,Vps72,1.47,0.53,1.60,+0.073
chr13,8847638,8848139,Wdr37,0.81,1.71,0.90,+0.071
chr5,124470744,124471245,Rilpl2,3.19,2.23,3.40,+0.070
chr3,142274426,142274927,Bmpr1b,0.96,0.79,1.04,+0.057
chr4,48542580,48543081,Msantd3,1.57,1.64,1.67,+0.053
chrX,73858894,73859395,L1cam,1.57,1.05,1.67,+0.053
chr3,126832581,126833082,Ank2,1.98,1.77,2.08,+0.051
chr13,37622343,37622844,Gm47754,2.58,1.51,2.71,+0.049
chr6,91226015,91226516,Fbln2,0.30,1.25,0.35,+0.047
chr7,112289967,112290468,Mical2,1.06,0.26,1.11,+0.032
chr17,62741283,62741784,Efna5,1.06,0.85,1.11,+0.032
chr14,47302826,47303327,Mapk1ip1l,0.86,1.71,0.90,+0.032
chr1,185209635,185210136,Rab3gap2,3.24,3.42,3.33,+0.030
chr16,31526920,31527421,Gm536,2.18,2.96,2.22,+0.019
chr15,81177812,81178313,Mrtfa,1.98,1.84,2.01,+0.018
chr8,127128049,127128550,Pard3,1.57,1.71,1.60,+0.015
chr13,99217919,99218420,Zfp366,0.41,0.39,0.42,+0.011
chr14,16597466,16597967,Rarb,1.17,1.05,1.18,+0.010
chr9,66735066,66735567,Car12,4.56,6.97,4.58,+0.006
chr13,23730413,23730914,H1f2,1.52,2.43,1.53,+0.004
chr7,63774096,63774597,Gm27252,0.56,1.18,0.56,-0.002
chr6,35184696,35185197,Nup205,0.35,0.72,0.35,-0.008
chr9,43825099,43825600,Nectin1,0.71,1.12,0.69,-0.013
chr5,29687631,29688132,Dnajb6,2.53,1.45,2.50,-0.014
chr17,34121700,34122201,Brd2,11.30,9.86,11.18,-0.014
chr6,6588368,6588869,Sem1,11.91,11.89,11.73,-0.020
chr5,134614765,134615266,Lat2,1.22,1.45,1.18,-0.023
chr3,8993565,8994066,Tpd52,1.22,1.12,1.18,-0.023
chr18,4970884,4971385,Svil,1.52,2.37,1.46,-0.036
chr19,10869550,10870051,Tmem132a,13.63,14.46,13.26,-0.037
chr5,77075942,77076443,Mir12199,5.47,4.01,5.28,-0.044
chr6,34628096,34628597,Gm13861,0.25,0.20,0.21,-0.053
chr10,61443514,61444015,Eif4ebp2,2.13,1.58,2.01,-0.054
chr14,16598148,16598649,Rarb,6.03,4.67,5.76,-0.056
chr19,10870175,10870676,Tmem132a,14.19,14.39,13.61,-0.056
chr10,81142027,81142528,Zbtb7a,11.60,10.05,11.11,-0.058
chr1,160100953,160101454,4930562F07Rik,2.43,3.22,2.29,-0.061
chr16,11511667,11512168,Snx29,0.56,0.46,0.49,-0.068
chr18,39656910,39657411,Pabpc2,0.71,0.66,0.62,-0.073
chr11,5434000,5434501,Znrf3,1.52,1.05,1.39,-0.077
chr7,79288265,79288766,Abhd2,0.35,0.46,0.28,-0.084
chr17,6180307,6180808,Tulp4,1.62,1.45,1.46,-0.093
chr16,29976972,29977473,Gm1968,6.89,6.44,6.39,-0.095
chr12,70681639,70682140,Frmd6,3.85,3.29,3.54,-0.095
chr17,27038194,27038695,Ggnbp1,16.21,14.72,15.06,-0.100
chr7,34166790,34167291,Uba2,1.57,1.31,1.39,-0.106
chr6,34608537,34609038,Cald1,0.15,0.59,0.07,-0.107
chr18,46605890,46606391,Eif1a,0.46,0.46,0.35,-0.112
chr7,66591848,66592349,Asb7,0.76,0.26,0.62,-0.115
chr11,72792820,72793321,Cyb5d2,3.85,5.26,3.47,-0.118
chr3,92461008,92461509,Sprr3,1.22,0.72,1.04,-0.118
chr9,70318506,70319007,Mir5626,1.52,1.91,1.32,-0.120
chr10,98744118,98744619,Atp2b1,0.56,0.46,0.42,-0.137
chr14,72869767,72870268,Gm9199,0.41,0.13,0.28,-0.137
chr10,117023603,117024104,Lrrc10,0.25,0.39,0.14,-0.138
chr19,47659959,47660460,Col17a1,4.15,4.60,3.68,-0.140
chr15,81175596,81176097,Mrtfa,0.66,0.85,0.49,-0.159
chr7,111157255,111157756,Zbed5-ps,7.95,6.05,7.01,-0.161
chr19,40476452,40476953,Sorbs1,0.51,0.26,0.35,-0.161
chr14,55208244,55208745,Dhrs2,0.51,0.46,0.35,-0.161
chr3,84108098,84108599,Mnd1,0.35,1.05,0.21,-0.165
chr10,78417837,78418338,Rrp1,2.94,3.15,2.50,-0.171
chr8,128272781,128273282,Mir21c,0.76,0.72,0.56,-0.178
chr11,101141877,101142378,Tubg2,2.99,2.83,2.50,-0.189
chr7,118484676,118485177,Itpripl2,5.93,4.86,5.07,-0.191
chr11,35668007,35668508,Mir218-2,2.94,2.43,2.43,-0.200
chr12,80228463,80228964,Actn1,0.56,0.85,0.35,-0.209
chr10,58360507,58361008,Lims1,2.33,1.71,1.87,-0.213
chr9,122104414,122104915,Snrk,11.35,11.04,9.58,-0.223
chr12,80229366,80229867,Actn1,1.06,0.79,0.76,-0.227
chr16,17177632,17178133,Ube2l3,0.66,0.79,0.42,-0.228
chr3,142826687,142827188,Pkn2,1.32,0.53,0.97,-0.233
chr7,130253812,130254313,Fgfr2,1.93,2.23,1.46,-0.251
chr9,122103833,122104334,Snrk,8.56,7.82,7.01,-0.255
chr9,122358359,122358860,Abhd5,1.52,1.31,1.11,-0.256
chr4,122884917,122885418,Cap1,5.02,3.68,4.03,-0.259
chr1,56971130,56971631,Satb2,1.11,1.58,0.76,-0.262
chr11,59011203,59011704,Trim11,1.87,1.51,1.39,-0.267
chr11,8544307,8544808,Tns3,10.03,11.70,8.12,-0.274
chr13,46725153,46725654,Nup153,2.74,3.68,2.08,-0.277
chr15,85347243,85347744,Atxn10,1.67,1.25,1.18,-0.293
chr13,55465222,55465723,Prr7,4.00,3.35,3.05,-0.303
chr14,99174055,99174556,Dis3,2.74,3.09,2.01,-0.310
chr1,13259474,13259975,Ncoa2,1.37,1.05,0.90,-0.316
chr10,94047744,94048245,Fgd6,1.37,2.04,0.90,-0.316
chr8,11767414,11767915,Arhgef7,0.86,0.99,0.49,-0.325
chr5,74029736,74030237,Usp46,0.96,0.20,0.56,-0.336
chr6,125425279,125425780,Plekhg6,10.23,10.65,7.84,-0.345
chr1,93326471,93326972,Pask,0.91,0.59,0.49,-0.364
chr9,86446801,86447302,Ube3d,1.42,1.71,0.83,-0.400
chr15,101538112,101538613,Krt84,4.56,5.72,3.12,-0.431
chr18,7652522,7653023,Mpp7,0.91,1.12,0.42,-0.433
chr5,57755752,57756253,Pcdh7,5.07,3.81,3.47,-0.440
chr7,119939830,119940331,Lyrm1,3.04,1.51,1.87,-0.491
chr9,96470540,96471041,Rnf7,1.62,1.31,0.83,-0.516
chr7,110731957,110732458,Ampd3,4.91,4.80,3.12,-0.520
chr8,35321422,35321923,Ppp1r3b,0.91,0.39,0.28,-0.582
chr7,100762671,100763172,Fam168a,0.61,0.72,0.07,-0.588
chr9,7965413,7965914,Yap1,1.06,1.45,0.35,-0.616
chr6,134102381,134102882,Etv6,0.86,0.66,0.21,-0.623
chr3,146248984,146249485,Lpar3,0.91,0.26,0.21,-0.662
chr3,85629862,85630363,Gatb,1.62,1.58,0.62,-0.690
chr13,51964806,51965307,Gadd45g,1.11,0.85,0.28,-0.727
chr14,76279017,76279518,2900040C04Rik,0.81,0.39,0.07,-0.760
chr6,114939230,114939731,Vgll4,1.62,1.51,0.49,-0.819
chr19,37922109,37922610,Myof,3.50,1.58,1.53,-0.831
chr10,80322643,80323144,2310011J03Rik,5.42,3.81,2.43,-0.905
chr4,54949524,54950025,Zfp462,2.84,0.46,0.56,-1.303
